{
"type": "FeatureCollection",
"name": "solar_panels",
"crs": { "type": "name", "properties": { "name": "urn:ogc:def:crs:OGC:1.3:CRS84" } },
"features": [
{ "type": "Feature", "properties": { "panel_id": "tile_17-P0001", "source_tile": "tile_17", "confidence": 0.9023016095161438, "class_id": 1, "x1_px": 902.586181640625, "y1_px": 769.677001953125, "x2_px": 927.3902587890625, "y2_px": 790.9178466796875 }, "geometry": { "type": "Polygon", "coordinates": [ [ [ 72.778030131673461, 21.16201949694182 ], [ 72.778071686742052, 21.16201949694182 ], [ 72.778071686742052, 21.161959128225231 ], [ 72.778030131673461, 21.161959128225231 ], [ 72.778030131673461, 21.16201949694182 ] ] ] } },
{ "type": "Feature", "properties": { "panel_id": "tile_17-P0002", "source_tile": "tile_17", "confidence": 0.89422363042831421, "class_id": 1, "x1_px": 1436.2806396484375, "y1_px": 915.62872314453125, "x2_px": 1467.5665283203125, "y2_px": 933.8172607421875 }, "geometry": { "type": "Polygon", "coordinates": [ [ [ 72.778924247172142, 21.161604686786855 ], [ 72.77897666142816, 21.161604686786855 ], [ 72.77897666142816, 21.161552993048421 ], [ 72.778924247172142, 21.161552993048421 ], [ 72.778924247172142, 21.161604686786855 ] ] ] } },
{ "type": "Feature", "properties": { "panel_id": "tile_17-P0003", "source_tile": "tile_17", "confidence": 0.86091244220733643, "class_id": 1, "x1_px": 3.2240219116210938, "y1_px": 84.38372802734375, "x2_px": 41.878318786621094, "y2_px": 115.82247924804688 }, "geometry": { "type": "Polygon", "coordinates": [ [ [ 72.776523401307642, 21.163967172562451 ], [ 72.776588160095017, 21.163967172562451 ], [ 72.776588160095017, 21.163877820322138 ], [ 72.776523401307642, 21.163877820322138 ], [ 72.776523401307642, 21.163967172562451 ] ] ] } },
{ "type": "Feature", "properties": { "panel_id": "tile_17-P0004", "source_tile": "tile_17", "confidence": 0.85694438219070435, "class_id": 1, "x1_px": 167.90402221679688, "y1_px": 284.88421630859375, "x2_px": 216.48519897460938, "y2_px": 315.86358642578125 }, "geometry": { "type": "Polygon", "coordinates": [ [ [ 72.776799295011216, 21.16339732906944 ], [ 72.776880684619883, 21.16339732906944 ], [ 72.776880684619883, 21.163309282438583 ], [ 72.776799295011216, 21.163309282438583 ], [ 72.776799295011216, 21.16339732906944 ] ] ] } },
{ "type": "Feature", "properties": { "panel_id": "tile_17-P0005", "source_tile": "tile_17", "confidence": 0.83096152544021606, "class_id": 1, "x1_px": 853.3619384765625, "y1_px": 926.4549560546875, "x2_px": 874.6502685546875, "y2_px": 941.5611572265625 }, "geometry": { "type": "Polygon", "coordinates": [ [ [ 72.777947664714958, 21.161573917493321 ], [ 72.777983329739342, 21.161573917493321 ], [ 72.777983329739342, 21.161530984079466 ], [ 72.777947664714958, 21.161530984079466 ], [ 72.777947664714958, 21.161573917493321 ] ] ] } },
{ "type": "Feature", "properties": { "panel_id": "tile_17-P0006", "source_tile": "tile_17", "confidence": 0.81231659650802612, "class_id": 1, "x1_px": 1225.7288818359375, "y1_px": 760.9405517578125, "x2_px": 1251.4388427734375, "y2_px": 788.19744873046875 }, "geometry": { "type": "Polygon", "coordinates": [ [ [ 72.77857150303717, 21.162044326852904 ], [ 72.77861457576202, 21.162044326852904 ], [ 72.77861457576202, 21.161966859882558 ], [ 72.77857150303717, 21.161966859882558 ], [ 72.77857150303717, 21.162044326852904 ] ] ] } },
{ "type": "Feature", "properties": { "panel_id": "tile_17-P0007", "source_tile": "tile_17", "confidence": 0.80238205194473267, "class_id": 1, "x1_px": 1092.1949462890625, "y1_px": 422.4205322265625, "x2_px": 1116.44873046875, "y2_px": 450.7078857421875 }, "geometry": { "type": "Polygon", "coordinates": [ [ [ 72.778347789338099, 21.163006436382094 ], [ 72.778388422483175, 21.163006436382094 ], [ 72.778388422483175, 21.162926040745788 ], [ 72.778347789338099, 21.162926040745788 ], [ 72.778347789338099, 21.163006436382094 ] ] ] } },
{ "type": "Feature", "properties": { "panel_id": "tile_17-P0008", "source_tile": "tile_17", "confidence": 0.80091291666030884, "class_id": 1, "x1_px": 660.152587890625, "y1_px": 836.5115966796875, "x2_px": 682.6981201171875, "y2_px": 854.1414794921875 }, "geometry": { "type": "Polygon", "coordinates": [ [ [ 72.777623974872839, 21.161829545988386 ], [ 72.777661746128445, 21.161829545988386 ], [ 72.777661746128445, 21.161779440005656 ], [ 72.777623974872839, 21.161779440005656 ], [ 72.777623974872839, 21.161829545988386 ] ] ] } },
{ "type": "Feature", "properties": { "panel_id": "tile_17-P0009", "source_tile": "tile_17", "confidence": 0.78708237409591675, "class_id": 1, "x1_px": 1074.32177734375, "y1_px": 594.84637451171875, "x2_px": 1093.912109375, "y2_px": 618.24432373046875 }, "geometry": { "type": "Polygon", "coordinates": [ [ [ 72.778317845843034, 21.162516383988233 ], [ 72.778350666156669, 21.162516383988233 ], [ 72.778350666156669, 21.16244988455361 ], [ 72.778317845843034, 21.16244988455361 ], [ 72.778317845843034, 21.162516383988233 ] ] ] } },
{ "type": "Feature", "properties": { "panel_id": "tile_17-P0010", "source_tile": "tile_17", "confidence": 0.78588539361953735, "class_id": 1, "x1_px": 1145.776611328125, "y1_px": 888.25372314453125, "x2_px": 1158.76171875, "y2_px": 902.46734619140625 }, "geometry": { "type": "Polygon", "coordinates": [ [ [ 72.778437556425686, 21.161682489418435 ], [ 72.778459310793977, 21.161682489418435 ], [ 72.778459310793977, 21.161642092805565 ], [ 72.778437556425686, 21.161642092805565 ], [ 72.778437556425686, 21.161682489418435 ] ] ] } },
{ "type": "Feature", "properties": { "panel_id": "tile_17-P0011", "source_tile": "tile_17", "confidence": 0.78425794839859009, "class_id": 1, "x1_px": 665.72698974609375, "y1_px": 741.10693359375, "x2_px": 695.439453125, "y2_px": 759.46832275390625 }, "geometry": { "type": "Polygon", "coordinates": [ [ [ 72.777633313847645, 21.162100696083474 ], [ 72.777683092093625, 21.162100696083474 ], [ 72.777683092093625, 21.162048511082702 ], [ 72.777633313847645, 21.162048511082702 ], [ 72.777633313847645, 21.162100696083474 ] ] ] } },
{ "type": "Feature", "properties": { "panel_id": "tile_17-P0012", "source_tile": "tile_17", "confidence": 0.78080064058303833, "class_id": 1, "x1_px": 899.49017333984375, "y1_px": 804.29296875, "x2_px": 924.458251953125, "y2_px": 825.635986328125 }, "geometry": { "type": "Polygon", "coordinates": [ [ [ 72.778024944831131, 21.1619211147204 ], [ 72.778066774656651, 21.1619211147204 ], [ 72.778066774656651, 21.161860455617809 ], [ 72.778024944831131, 21.161860455617809 ], [ 72.778024944831131, 21.1619211147204 ] ] ] } },
{ "type": "Feature", "properties": { "panel_id": "tile_17-P0013", "source_tile": "tile_17", "confidence": 0.77827286720275879, "class_id": 1, "x1_px": 1262.4205322265625, "y1_px": 440.12103271484375, "x2_px": 1278.9742431640625, "y2_px": 467.69683837890625 }, "geometry": { "type": "Polygon", "coordinates": [ [ [ 72.778632973739718, 21.162956129696497 ], [ 72.778660706704329, 21.162956129696497 ], [ 72.778660706704329, 21.162877756354085 ], [ 72.778632973739718, 21.162877756354085 ], [ 72.778632973739718, 21.162956129696497 ] ] ] } },
{ "type": "Feature", "properties": { "panel_id": "tile_17-P0014", "source_tile": "tile_17", "confidence": 0.77789068222045898, "class_id": 1, "x1_px": 894.19195556640625, "y1_px": 864.5594482421875, "x2_px": 915.2076416015625, "y2_px": 881.75335693359375 }, "geometry": { "type": "Polygon", "coordinates": [ [ [ 72.778016068556411, 21.161749831041842 ], [ 72.778051276811468, 21.161749831041842 ], [ 72.778051276811468, 21.161700964143456 ], [ 72.778016068556411, 21.161700964143456 ], [ 72.778016068556411, 21.161749831041842 ] ] ] } },
{ "type": "Feature", "properties": { "panel_id": "tile_17-P0015", "source_tile": "tile_17", "confidence": 0.77686721086502075, "class_id": 1, "x1_px": 745.2103271484375, "y1_px": 811.7734375, "x2_px": 772.73492431640625, "y2_px": 840.58648681640625 }, "geometry": { "type": "Polygon", "coordinates": [ [ [ 72.777766474840405, 21.161899854440794 ], [ 72.777812587683727, 21.161899854440794 ], [ 72.777812587683727, 21.161817964721685 ], [ 72.777766474840405, 21.161817964721685 ], [ 72.777766474840405, 21.161899854440794 ] ] ] } },
{ "type": "Feature", "properties": { "panel_id": "tile_17-P0016", "source_tile": "tile_17", "confidence": 0.77287185192108154, "class_id": 1, "x1_px": 874.52960205078125, "y1_px": 798.8968505859375, "x2_px": 892.61151123046875, "y2_px": 825.4873046875 }, "geometry": { "type": "Polygon", "coordinates": [ [ [ 72.777983127582871, 21.161936451056231 ], [ 72.778013420787161, 21.161936451056231 ], [ 72.778013420787161, 21.16186087818668 ], [ 72.777983127582871, 21.16186087818668 ], [ 72.777983127582871, 21.161936451056231 ] ] ] } },
{ "type": "Feature", "properties": { "panel_id": "tile_17-P0017", "source_tile": "tile_17", "confidence": 0.76754492521286011, "class_id": 1, "x1_px": 1266.4747314453125, "y1_px": 578.07537841796875, "x2_px": 1291.1370849609375, "y2_px": 603.46002197265625 }, "geometry": { "type": "Polygon", "coordinates": [ [ [ 72.778639765870125, 21.162564048924498 ], [ 72.778681083504566, 21.162564048924498 ], [ 72.778681083504566, 21.16249190309545 ], [ 72.778639765870125, 21.16249190309545 ], [ 72.778639765870125, 21.162564048924498 ] ] ] } },
{ "type": "Feature", "properties": { "panel_id": "tile_17-P0018", "source_tile": "tile_17", "confidence": 0.76662862300872803, "class_id": 1, "x1_px": 1371.7342529296875, "y1_px": 438.53762817382812, "x2_px": 1390.44970703125, "y2_px": 458.00393676757812 }, "geometry": { "type": "Polygon", "coordinates": [ [ [ 72.778816110533512, 21.162960629898876 ], [ 72.778847465135996, 21.162960629898876 ], [ 72.778847465135996, 21.16290530460077 ], [ 72.778816110533512, 21.16290530460077 ], [ 72.778816110533512, 21.162960629898876 ] ] ] } },
{ "type": "Feature", "properties": { "panel_id": "tile_17-P0019", "source_tile": "tile_17", "confidence": 0.76564979553222656, "class_id": 1, "x1_px": 1222.9986572265625, "y1_px": 586.63177490234375, "x2_px": 1242.320556640625, "y2_px": 618.66937255859375 }, "geometry": { "type": "Polygon", "coordinates": [ [ [ 72.778566929004029, 21.162539730745017 ], [ 72.778599299603854, 21.162539730745017 ], [ 72.778599299603854, 21.1624486765201 ], [ 72.778566929004029, 21.1624486765201 ], [ 72.778566929004029, 21.162539730745017 ] ] ] } },
{ "type": "Feature", "properties": { "panel_id": "tile_17-P0020", "source_tile": "tile_17", "confidence": 0.76008468866348267, "class_id": 1, "x1_px": 898.04345703125, "y1_px": 827.8243408203125, "x2_px": 921.88555908203125, "y2_px": 842.227294921875 }, "geometry": { "type": "Polygon", "coordinates": [ [ [ 72.778022521100752, 21.16185423608399 ], [ 72.778062464541506, 21.16185423608399 ], [ 72.778062464541506, 21.16181330137233 ], [ 72.778022521100752, 21.16181330137233 ], [ 72.778022521100752, 21.16185423608399 ] ] ] } },
{ "type": "Feature", "properties": { "panel_id": "tile_17-P0021", "source_tile": "tile_17", "confidence": 0.75433892011642456, "class_id": 1, "x1_px": 591.00140380859375, "y1_px": 238.62474060058594, "x2_px": 623.5072021484375, "y2_px": 247.97257995605469 }, "geometry": { "type": "Polygon", "coordinates": [ [ [ 72.777508123669008, 21.16352880336882 ], [ 72.777562581678936, 21.16352880336882 ], [ 72.777562581678936, 21.163502235825391 ], [ 72.777508123669008, 21.163502235825391 ], [ 72.777508123669008, 21.16352880336882 ] ] ] } },
{ "type": "Feature", "properties": { "panel_id": "tile_17-P0022", "source_tile": "tile_17", "confidence": 0.75379925966262817, "class_id": 1, "x1_px": 753.14874267578125, "y1_px": 746.129150390625, "x2_px": 780.94183349609375, "y2_px": 760.6885986328125 }, "geometry": { "type": "Polygon", "coordinates": [ [ [ 72.777779774323378, 21.162086422414681 ], [ 72.777826336982756, 21.162086422414681 ], [ 72.777826336982756, 21.162045042930206 ], [ 72.777779774323378, 21.162045042930206 ], [ 72.777779774323378, 21.162086422414681 ] ] ] } },
{ "type": "Feature", "properties": { "panel_id": "tile_17-P0023", "source_tile": "tile_17", "confidence": 0.74210458993911743, "class_id": 1, "x1_px": 2.9619560241699219, "y1_px": 205.70976257324219, "x2_px": 49.644054412841797, "y2_px": 244.32624816894531 }, "geometry": { "type": "Polygon", "coordinates": [ [ [ 72.776522962260231, 21.163622351201109 ], [ 72.776601170281793, 21.163622351201109 ], [ 72.776601170281793, 21.163512599084154 ], [ 72.776522962260231, 21.163512599084154 ], [ 72.776522962260231, 21.163622351201109 ] ] ] } },
{ "type": "Feature", "properties": { "panel_id": "tile_17-P0024", "source_tile": "tile_17", "confidence": 0.73820245265960693, "class_id": 1, "x1_px": 164.88746643066406, "y1_px": 431.33050537109375, "x2_px": 179.89280700683594, "y2_px": 452.572998046875 }, "geometry": { "type": "Polygon", "coordinates": [ [ [ 72.776794241278239, 21.162981113300528 ], [ 72.776819380208153, 21.162981113300528 ], [ 72.776819380208153, 21.16292073990029 ], [ 72.776794241278239, 21.16292073990029 ], [ 72.776794241278239, 21.162981113300528 ] ] ] } },
{ "type": "Feature", "properties": { "panel_id": "tile_17-P0025", "source_tile": "tile_17", "confidence": 0.72863346338272095, "class_id": 1, "x1_px": 1139.298828125, "y1_px": 711.1170654296875, "x2_px": 1154.7772216796875, "y2_px": 731.275390625 }, "geometry": { "type": "Polygon", "coordinates": [ [ [ 72.778426703987037, 21.162185930445624 ], [ 72.77845263543783, 21.162185930445624 ], [ 72.77845263543783, 21.162128638363491 ], [ 72.778426703987037, 21.162128638363491 ], [ 72.778426703987037, 21.162185930445624 ] ] ] } },
{ "type": "Feature", "properties": { "panel_id": "tile_17-P0026", "source_tile": "tile_17", "confidence": 0.72728502750396729, "class_id": 1, "x1_px": 787.9073486328125, "y1_px": 752.4676513671875, "x2_px": 800.0, "y2_px": 769.8729248046875 }, "geometry": { "type": "Polygon", "coordinates": [ [ [ 72.777838006534395, 21.162068407727695 ], [ 72.777858265742353, 21.162068407727695 ], [ 72.777858265742353, 21.162018940108453 ], [ 72.777838006534395, 21.162018940108453 ], [ 72.777838006534395, 21.162068407727695 ] ] ] } },
{ "type": "Feature", "properties": { "panel_id": "tile_17-P0027", "source_tile": "tile_17", "confidence": 0.72669219970703125, "class_id": 1, "x1_px": 1093.638916015625, "y1_px": 480.0, "x2_px": 1112.255859375, "y2_px": 507.80221557617188 }, "geometry": { "type": "Polygon", "coordinates": [ [ [ 72.778350208467046, 21.162842789473686 ], [ 72.778381398031314, 21.162842789473686 ], [ 72.778381398031314, 21.162763772650472 ], [ 72.778350208467046, 21.162763772650472 ], [ 72.778350208467046, 21.162842789473686 ] ] ] } },
{ "type": "Feature", "properties": { "panel_id": "tile_17-P0028", "source_tile": "tile_17", "confidence": 0.72283965349197388, "class_id": 1, "x1_px": 1561.2027587890625, "y1_px": 364.15023803710938, "x2_px": 1579.409912109375, "y2_px": 381.06289672851562 }, "geometry": { "type": "Polygon", "coordinates": [ [ [ 72.779133533218086, 21.163172046691898 ], [ 72.779164036247906, 21.163172046691898 ], [ 72.779164036247906, 21.163123979135616 ], [ 72.779133533218086, 21.163123979135616 ], [ 72.779133533218086, 21.163172046691898 ] ] ] } },
{ "type": "Feature", "properties": { "panel_id": "tile_17-P0029", "source_tile": "tile_17", "confidence": 0.722054123878479, "class_id": 1, "x1_px": 399.58078002929688, "y1_px": 81.03778076171875, "x2_px": 418.13754272460938, "y2_px": 96.675567626953125 }, "geometry": { "type": "Polygon", "coordinates": [ [ [ 72.777187430538461, 21.163976682096784 ], [ 72.777218519280126, 21.163976682096784 ], [ 72.777218519280126, 21.163932237860429 ], [ 72.777187430538461, 21.163932237860429 ], [ 72.777187430538461, 21.163976682096784 ] ] ] } },
{ "type": "Feature", "properties": { "panel_id": "tile_17-P0030", "source_tile": "tile_17", "confidence": 0.71727705001831055, "class_id": 1, "x1_px": 803.8270263671875, "y1_px": 781.39581298828125, "x2_px": 825.87158203125, "y2_px": 804.03875732421875 }, "geometry": { "type": "Polygon", "coordinates": [ [ [ 72.777864677282764, 21.161986190847301 ], [ 72.777901609236224, 21.161986190847301 ], [ 72.777901609236224, 21.161921837216028 ], [ 72.777864677282764, 21.161921837216028 ], [ 72.777864677282764, 21.161986190847301 ] ] ] } },
{ "type": "Feature", "properties": { "panel_id": "tile_17-P0031", "source_tile": "tile_17", "confidence": 0.70383799076080322, "class_id": 1, "x1_px": 1082.8648681640625, "y1_px": 705.81048583984375, "x2_px": 1103.6368408203125, "y2_px": 745.76129150390625 }, "geometry": { "type": "Polygon", "coordinates": [ [ [ 72.778332158357983, 21.162201012303406 ], [ 72.778366958312176, 21.162201012303406 ], [ 72.778366958312176, 21.162087467908361 ], [ 72.778332158357983, 21.162087467908361 ], [ 72.778332158357983, 21.162201012303406 ] ] ] } },
{ "type": "Feature", "properties": { "panel_id": "tile_17-P0032", "source_tile": "tile_17", "confidence": 0.70065802335739136, "class_id": 1, "x1_px": 1114.3026123046875, "y1_px": 490.85299682617188, "x2_px": 1124.6473388671875, "y2_px": 522.646484375 }, "geometry": { "type": "Polygon", "coordinates": [ [ [ 72.77838482702235, 21.162811944114285 ], [ 72.778402157875632, 21.162811944114285 ], [ 72.778402157875632, 21.162721583675989 ], [ 72.77838482702235, 21.162721583675989 ], [ 72.77838482702235, 21.162811944114285 ] ] ] } },
{ "type": "Feature", "properties": { "panel_id": "tile_17-P0033", "source_tile": "tile_17", "confidence": 0.698353111743927, "class_id": 1, "x1_px": 962.54541015625, "y1_px": 573.35540771484375, "x2_px": 977.4871826171875, "y2_px": 602.7872314453125 }, "geometry": { "type": "Polygon", "coordinates": [ [ [ 72.778130583298363, 21.162577463578078 ], [ 72.778155615730554, 21.162577463578078 ], [ 72.778155615730554, 21.16249381523695 ], [ 72.778130583298363, 21.16249381523695 ], [ 72.778130583298363, 21.162577463578078 ] ] ] } },
{ "type": "Feature", "properties": { "panel_id": "tile_17-P0034", "source_tile": "tile_17", "confidence": 0.69831019639968872, "class_id": 1, "x1_px": 1205.4664306640625, "y1_px": 706.97412109375, "x2_px": 1222.63232421875, "y2_px": 737.5587158203125 }, "geometry": { "type": "Polygon", "coordinates": [ [ [ 72.778537556700712, 21.162197705129525 ], [ 72.778566315274546, 21.162197705129525 ], [ 72.778566315274546, 21.162110780491883 ], [ 72.778537556700712, 21.162110780491883 ], [ 72.778537556700712, 21.162197705129525 ] ] ] } },
{ "type": "Feature", "properties": { "panel_id": "tile_17-P0035", "source_tile": "tile_17", "confidence": 0.69171744585037231, "class_id": 1, "x1_px": 1280.376953125, "y1_px": 437.0789794921875, "x2_px": 1318.36279296875, "y2_px": 451.10617065429688 }, "geometry": { "type": "Polygon", "coordinates": [ [ [ 72.778663056709462, 21.162964775531972 ], [ 72.778726695609251, 21.162964775531972 ], [ 72.778726695609251, 21.162924908778145 ], [ 72.778663056709462, 21.162924908778145 ], [ 72.778663056709462, 21.162964775531972 ] ] ] } },
{ "type": "Feature", "properties": { "panel_id": "tile_17-P0036", "source_tile": "tile_17", "confidence": 0.68426811695098877, "class_id": 1, "x1_px": 642.0535888671875, "y1_px": 801.86590576171875, "x2_px": 653.54046630859375, "y2_px": 828.73309326171875 }, "geometry": { "type": "Polygon", "coordinates": [ [ [ 72.777593653037385, 21.16192801268889 ], [ 72.777612897372791, 21.16192801268889 ], [ 72.777612897372791, 21.161851653313892 ], [ 72.777593653037385, 21.161851653313892 ], [ 72.777593653037385, 21.16192801268889 ] ] ] } },
{ "type": "Feature", "properties": { "panel_id": "tile_17-P0037", "source_tile": "tile_17", "confidence": 0.6821017861366272, "class_id": 1, "x1_px": 769.7113037109375, "y1_px": 933.3175048828125, "x2_px": 788.17791748046875, "y2_px": 949.0 }, "geometry": { "type": "Polygon", "coordinates": [ [ [ 72.777807522114827, 21.161554413407178 ], [ 72.777838459827095, 21.161554413407178 ], [ 72.777838459827095, 21.161509842105268 ], [ 72.777807522114827, 21.161509842105268 ], [ 72.777807522114827, 21.161554413407178 ] ] ] } },
{ "type": "Feature", "properties": { "panel_id": "tile_17-P0038", "source_tile": "tile_17", "confidence": 0.68180710077285767, "class_id": 1, "x1_px": 1610.408447265625, "y1_px": 549.50592041015625, "x2_px": 1653.1968994140625, "y2_px": 574.34246826171875 }, "geometry": { "type": "Polygon", "coordinates": [ [ [ 72.779215969091325, 21.162645246331468 ], [ 72.779287653962058, 21.162645246331468 ], [ 72.779287653962058, 21.162574658248101 ], [ 72.779215969091325, 21.162574658248101 ], [ 72.779215969091325, 21.162645246331468 ] ] ] } },
{ "type": "Feature", "properties": { "panel_id": "tile_17-P0039", "source_tile": "tile_17", "confidence": 0.67938446998596191, "class_id": 1, "x1_px": 491.061279296875, "y1_px": 718.53387451171875, "x2_px": 532.0224609375, "y2_px": 756.572509765625 }, "geometry": { "type": "Polygon", "coordinates": [ [ [ 72.777340690762543, 21.162164851093497 ], [ 72.777409314348191, 21.162164851093497 ], [ 72.777409314348191, 21.162056741288037 ], [ 72.777340690762543, 21.162056741288037 ], [ 72.777340690762543, 21.162164851093497 ] ] ] } },
{ "type": "Feature", "properties": { "panel_id": "tile_17-P0040", "source_tile": "tile_17", "confidence": 0.6684640645980835, "class_id": 1, "x1_px": 1206.56982421875, "y1_px": 619.8388671875, "x2_px": 1223.67041015625, "y2_px": 642.448974609375 }, "geometry": { "type": "Polygon", "coordinates": [ [ [ 72.778539405251436, 21.162445352693261 ], [ 72.778568054413327, 21.162445352693261 ], [ 72.778568054413327, 21.162381092387957 ], [ 72.778539405251436, 21.162381092387957 ], [ 72.778539405251436, 21.162445352693261 ] ] ] } },
{ "type": "Feature", "properties": { "panel_id": "tile_17-P0041", "source_tile": "tile_17", "confidence": 0.66174846887588501, "class_id": 1, "x1_px": 946.68060302734375, "y1_px": 586.51336669921875, "x2_px": 962.2239990234375, "y2_px": 610.42236328125 }, "geometry": { "type": "Polygon", "coordinates": [ [ [ 72.778104004476475, 21.162540067273593 ], [ 72.778130044827947, 21.162540067273593 ], [ 72.778130044827947, 21.162472115388571 ], [ 72.778104004476475, 21.162472115388571 ], [ 72.778104004476475, 21.162540067273593 ] ] ] } },
{ "type": "Feature", "properties": { "panel_id": "tile_17-P0042", "source_tile": "tile_17", "confidence": 0.65711843967437744, "class_id": 1, "x1_px": 809.17791748046875, "y1_px": 764.0972900390625, "x2_px": 824.94879150390625, "y2_px": 780.125 }, "geometry": { "type": "Polygon", "coordinates": [ [ [ 72.777873641802827, 21.162035355070419 ], [ 72.777900063255558, 21.162035355070419 ], [ 72.777900063255558, 21.161989802631581 ], [ 72.777873641802827, 21.161989802631581 ], [ 72.777873641802827, 21.162035355070419 ] ] ] } },
{ "type": "Feature", "properties": { "panel_id": "tile_17-P0043", "source_tile": "tile_17", "confidence": 0.65364247560501099, "class_id": 1, "x1_px": 61.308914184570312, "y1_px": 686.62646484375, "x2_px": 92.1160888671875, "y2_px": 716.2161865234375 }, "geometry": { "type": "Polygon", "coordinates": [ [ [ 72.776620712796728, 21.162255535310447 ], [ 72.776672325047784, 21.162255535310447 ], [ 72.776672325047784, 21.162171438206727 ], [ 72.776620712796728, 21.162171438206727 ], [ 72.776620712796728, 21.162255535310447 ] ] ] } },
{ "type": "Feature", "properties": { "panel_id": "tile_17-P0044", "source_tile": "tile_17", "confidence": 0.65061426162719727, "class_id": 1, "x1_px": 1316.998291015625, "y1_px": 605.18389892578125, "x2_px": 1335.468017578125, "y2_px": 640.27239990234375 }, "geometry": { "type": "Polygon", "coordinates": [ [ [ 72.778724409615222, 21.162487003655688 ], [ 72.778755352542447, 21.162487003655688 ], [ 72.778755352542447, 21.162387278442385 ], [ 72.778724409615222, 21.162387278442385 ], [ 72.778724409615222, 21.162487003655688 ] ] ] } },
{ "type": "Feature", "properties": { "panel_id": "tile_17-P0045", "source_tile": "tile_17", "confidence": 0.64787179231643677, "class_id": 1, "x1_px": 188.37979125976562, "y1_px": 333.4522705078125, "x2_px": 236.25711059570312, "y2_px": 350.79534912109375 }, "geometry": { "type": "Polygon", "coordinates": [ [ [ 72.776833598725972, 21.163259293546979 ], [ 72.776913809139643, 21.163259293546979 ], [ 72.776913809139643, 21.163210002691972 ], [ 72.776833598725972, 21.163210002691972 ], [ 72.776833598725972, 21.163259293546979 ] ] ] } },
{ "type": "Feature", "properties": { "panel_id": "tile_17-P0046", "source_tile": "tile_17", "confidence": 0.64621168375015259, "class_id": 1, "x1_px": 106.29234313964844, "y1_px": 100.59843444824219, "x2_px": 131.94056701660156, "y2_px": 122.13864135742188 }, "geometry": { "type": "Polygon", "coordinates": [ [ [ 72.776696074982723, 21.16392108865999 ], [ 72.776739044277491, 21.16392108865999 ], [ 72.776739044277491, 21.163859869124565 ], [ 72.776696074982723, 21.163859869124565 ], [ 72.776696074982723, 21.16392108865999 ] ] ] } },
{ "type": "Feature", "properties": { "panel_id": "tile_17-P0047", "source_tile": "tile_17", "confidence": 0.63121610879898071, "class_id": 1, "x1_px": 161.88421630859375, "y1_px": 411.47222900390625, "x2_px": 176.16793823242188, "y2_px": 429.95782470703125 }, "geometry": { "type": "Polygon", "coordinates": [ [ [ 72.776789209836679, 21.163037552612305 ], [ 72.776813139815644, 21.163037552612305 ], [ 72.776813139815644, 21.162985014603468 ], [ 72.776789209836679, 21.162985014603468 ], [ 72.776789209836679, 21.163037552612305 ] ] ] } },
{ "type": "Feature", "properties": { "panel_id": "tile_17-P0048", "source_tile": "tile_17", "confidence": 0.62825661897659302, "class_id": 1, "x1_px": 215.26011657714844, "y1_px": 60.840972900390625, "x2_px": 240.05274963378906, "y2_px": 87.868484497070312 }, "geometry": { "type": "Polygon", "coordinates": [ [ [ 72.776878632199924, 21.164034083550707 ], [ 72.776920168095856, 21.164034083550707 ], [ 72.776920168095856, 21.163957268517745 ], [ 72.776878632199924, 21.163957268517745 ], [ 72.776878632199924, 21.164034083550707 ] ] ] } },
{ "type": "Feature", "properties": { "panel_id": "tile_17-P0049", "source_tile": "tile_17", "confidence": 0.6228521466255188, "class_id": 1, "x1_px": 911.9254150390625, "y1_px": 559.42633056640625, "x2_px": 928.5811767578125, "y2_px": 576.6964111328125 }, "geometry": { "type": "Polygon", "coordinates": [ [ [ 72.778045777991693, 21.162617051481551 ], [ 72.77807368192525, 21.162617051481551 ], [ 72.77807368192525, 21.162567968094677 ], [ 72.778045777991693, 21.162567968094677 ], [ 72.778045777991693, 21.162617051481551 ] ] ] } },
{ "type": "Feature", "properties": { "panel_id": "tile_17-P0050", "source_tile": "tile_17", "confidence": 0.61779969930648804, "class_id": 1, "x1_px": 585.31036376953125, "y1_px": 271.87469482421875, "x2_px": 604.54815673828125, "y2_px": 288.92572021484375 }, "geometry": { "type": "Polygon", "coordinates": [ [ [ 72.777498589286495, 21.163434303498924 ], [ 72.777530818980097, 21.163434303498924 ], [ 72.777530818980097, 21.163385842689916 ], [ 72.777498589286495, 21.163385842689916 ], [ 72.777498589286495, 21.163434303498924 ] ] ] } },
{ "type": "Feature", "properties": { "panel_id": "tile_17-P0051", "source_tile": "tile_17", "confidence": 0.61484235525131226, "class_id": 1, "x1_px": 81.391998291015625, "y1_px": 679.1468505859375, "x2_px": 105.2371826171875, "y2_px": 703.8424072265625 }, "geometry": { "type": "Polygon", "coordinates": [ [ [ 72.776654358633763, 21.162276793161496 ], [ 72.776694307238344, 21.162276793161496 ], [ 72.776694307238344, 21.16220660578999 ], [ 72.776654358633763, 21.16220660578999 ], [ 72.776654358633763, 21.162276793161496 ] ] ] } },
{ "type": "Feature", "properties": { "panel_id": "tile_17-P0052", "source_tile": "tile_17", "confidence": 0.61432445049285889, "class_id": 1, "x1_px": 1696.4859619140625, "y1_px": 304.0350341796875, "x2_px": 1713.163330078125, "y2_px": 320.0 }, "geometry": { "type": "Polygon", "coordinates": [ [ [ 72.779360177521411, 21.163342900429175 ], [ 72.779388117652942, 21.163342900429175 ], [ 72.779388117652942, 21.163297526315791 ], [ 72.779360177521411, 21.163297526315791 ], [ 72.779360177521411, 21.163342900429175 ] ] ] } },
{ "type": "Feature", "properties": { "panel_id": "tile_17-P0053", "source_tile": "tile_17", "confidence": 0.60729223489761353, "class_id": 1, "x1_px": 627.0589599609375, "y1_px": 799.768798828125, "x2_px": 639.1572265625, "y2_px": 826.7823486328125 }, "geometry": { "type": "Polygon", "coordinates": [ [ [ 72.777568532053081, 21.161933972887546 ], [ 72.777588800668411, 21.161933972887546 ], [ 72.777588800668411, 21.161857197535468 ], [ 72.777568532053081, 21.161857197535468 ], [ 72.777568532053081, 21.161933972887546 ] ] ] } },
{ "type": "Feature", "properties": { "panel_id": "tile_17-P0054", "source_tile": "tile_17", "confidence": 0.60112601518630981, "class_id": 1, "x1_px": 860.6767578125, "y1_px": 883.29510498046875, "x2_px": 879.3154296875, "y2_px": 897.39239501953125 }, "geometry": { "type": "Polygon", "coordinates": [ [ [ 72.777959919467165, 21.161696582333217 ], [ 72.777991145433916, 21.161696582333217 ], [ 72.777991145433916, 21.161656516351002 ], [ 72.777959919467165, 21.161656516351002 ], [ 72.777959919467165, 21.161696582333217 ] ] ] } },
{ "type": "Feature", "properties": { "panel_id": "tile_17-P0055", "source_tile": "tile_17", "confidence": 0.58061224222183228, "class_id": 1, "x1_px": 742.38165283203125, "y1_px": 841.30499267578125, "x2_px": 765.26910400390625, "y2_px": 863.11083984375 }, "geometry": { "type": "Polygon", "coordinates": [ [ [ 72.777761735871294, 21.161815922652398 ], [ 72.777800079954716, 21.161815922652398 ], [ 72.777800079954716, 21.161753948139395 ], [ 72.777761735871294, 21.161753948139395 ], [ 72.777761735871294, 21.161815922652398 ] ] ] } },
{ "type": "Feature", "properties": { "panel_id": "tile_17-P0056", "source_tile": "tile_17", "confidence": 0.57013970613479614, "class_id": 1, "x1_px": 960.9791259765625, "y1_px": 630.0, "x2_px": 977.0057373046875, "y2_px": 644.12158203125 }, "geometry": { "type": "Polygon", "coordinates": [ [ [ 72.778127959252075, 21.162416473684214 ], [ 72.778154809149726, 21.162416473684214 ], [ 72.778154809149726, 21.162376338661598 ], [ 72.778127959252075, 21.162376338661598 ], [ 72.778127959252075, 21.162416473684214 ] ] ] } },
{ "type": "Feature", "properties": { "panel_id": "tile_17-P0057", "source_tile": "tile_17", "confidence": 0.56436365842819214, "class_id": 1, "x1_px": 203.00260925292969, "y1_px": 105.62899780273438, "x2_px": 223.81642150878906, "y2_px": 120.40289306640625 }, "geometry": { "type": "Polygon", "coordinates": [ [ [ 72.77685809680348, 21.163906791269405 ], [ 72.776892966852898, 21.163906791269405 ], [ 72.776892966852898, 21.16386480230392 ], [ 72.77685809680348, 21.16386480230392 ], [ 72.77685809680348, 21.163906791269405 ] ] ] } },
{ "type": "Feature", "properties": { "panel_id": "tile_17-P0058", "source_tile": "tile_17", "confidence": 0.56016874313354492, "class_id": 1, "x1_px": 1046.9453125, "y1_px": 440.18585205078125, "x2_px": 1087.5799560546875, "y2_px": 466.4638671875 }, "geometry": { "type": "Polygon", "coordinates": [ [ [ 72.778271981170562, 21.162955945473122 ], [ 72.778340057696454, 21.162955945473122 ], [ 72.778340057696454, 21.162881260587994 ], [ 72.778271981170562, 21.162881260587994 ], [ 72.778271981170562, 21.162955945473122 ] ] ] } },
{ "type": "Feature", "properties": { "panel_id": "tile_17-P0059", "source_tile": "tile_17", "confidence": 0.55552279949188232, "class_id": 1, "x1_px": 798.4697265625, "y1_px": 77.124969482421875, "x2_px": 819.0975341796875, "y2_px": 92.797470092773438 }, "geometry": { "type": "Polygon", "coordinates": [ [ [ 72.777855702026017, 21.163987802718314 ], [ 72.777890260455877, 21.163987802718314 ], [ 72.777890260455877, 21.163943259821842 ], [ 72.777855702026017, 21.163943259821842 ], [ 72.777855702026017, 21.163987802718314 ] ] ] } },
{ "type": "Feature", "properties": { "panel_id": "tile_17-P0060", "source_tile": "tile_17", "confidence": 0.55523151159286499, "class_id": 1, "x1_px": 746.1763916015625, "y1_px": 39.052345275878906, "x2_px": 786.2581787109375, "y2_px": 57.202674865722656 }, "geometry": { "type": "Polygon", "coordinates": [ [ [ 72.777768093319267, 21.164096009123956 ], [ 72.777835243626953, 21.164096009123956 ], [ 72.777835243626953, 21.164044423976698 ], [ 72.777768093319267, 21.164044423976698 ], [ 72.777768093319267, 21.164096009123956 ] ] ] } },
{ "type": "Feature", "properties": { "panel_id": "tile_17-P0061", "source_tile": "tile_17", "confidence": 0.54633873701095581, "class_id": 1, "x1_px": 637.224609375, "y1_px": 745.4505615234375, "x2_px": 657.9774169921875, "y2_px": 772.013427734375 }, "geometry": { "type": "Polygon", "coordinates": [ [ [ 72.777585562892654, 21.162088351035674 ], [ 72.77762033073904, 21.162088351035674 ], [ 72.77762033073904, 21.16201285657381 ], [ 72.777585562892654, 21.16201285657381 ], [ 72.777585562892654, 21.162088351035674 ] ] ] } },
{ "type": "Feature", "properties": { "panel_id": "tile_17-P0062", "source_tile": "tile_17", "confidence": 0.54560565948486328, "class_id": 1, "x1_px": 1120.11572265625, "y1_px": 860.4874267578125, "x2_px": 1147.339111328125, "y2_px": 872.798095703125 }, "geometry": { "type": "Polygon", "coordinates": [ [ [ 72.778394565913175, 21.161761404155534 ], [ 72.778440174132214, 21.161761404155534 ], [ 72.778440174132214, 21.161726415938531 ], [ 72.778394565913175, 21.161726415938531 ], [ 72.778394565913175, 21.161761404155534 ] ] ] } },
{ "type": "Feature", "properties": { "panel_id": "tile_17-P0063", "source_tile": "tile_17", "confidence": 0.54295319318771362, "class_id": 1, "x1_px": 1181.735107421875, "y1_px": 466.42840576171875, "x2_px": 1208.9124755859375, "y2_px": 478.74661254882812 }, "geometry": { "type": "Polygon", "coordinates": [ [ [ 72.778497798851262, 21.162881361373099 ], [ 72.77854332997066, 21.162881361373099 ], [ 72.77854332997066, 21.162846351732757 ], [ 72.778497798851262, 21.162846351732757 ], [ 72.778497798851262, 21.162881361373099 ] ] ] } },
{ "type": "Feature", "properties": { "panel_id": "tile_17-P0064", "source_tile": "tile_17", "confidence": 0.53284430503845215, "class_id": 1, "x1_px": 961.42724609375, "y1_px": 612.7469482421875, "x2_px": 976.4351806640625, "y2_px": 643.6685791015625 }, "geometry": { "type": "Polygon", "coordinates": [ [ [ 72.778128710002122, 21.162465508673421 ], [ 72.778153853277828, 21.162465508673421 ], [ 72.778153853277828, 21.162377626143609 ], [ 72.778128710002122, 21.162377626143609 ], [ 72.778128710002122, 21.162465508673421 ] ] ] } },
{ "type": "Feature", "properties": { "panel_id": "tile_17-P0065", "source_tile": "tile_17", "confidence": 0.52915120124816895, "class_id": 1, "x1_px": 973.45306396484375, "y1_px": 689.4993896484375, "x2_px": 990.8880615234375, "y2_px": 737.98980712890625 }, "geometry": { "type": "Polygon", "coordinates": [ [ [ 72.778148857241774, 21.16224737015574 ], [ 72.778178066654206, 21.16224737015574 ], [ 72.778178066654206, 21.162109555285006 ], [ 72.778148857241774, 21.162109555285006 ], [ 72.778148857241774, 21.16224737015574 ] ] ] } },
{ "type": "Feature", "properties": { "panel_id": "tile_17-P0066", "source_tile": "tile_17", "confidence": 0.52866339683532715, "class_id": 1, "x1_px": 642.93780517578125, "y1_px": 34.811931610107422, "x2_px": 680.16363525390625, "y2_px": 48.670040130615234 }, "geometry": { "type": "Polygon", "coordinates": [ [ [ 72.777595134393422, 21.164108060825953 ], [ 72.777657500024404, 21.164108060825953 ], [ 72.777657500024404, 21.164068674622786 ], [ 72.777595134393422, 21.164068674622786 ], [ 72.777595134393422, 21.164108060825953 ] ] ] } },
{ "type": "Feature", "properties": { "panel_id": "tile_17-P0067", "source_tile": "tile_17", "confidence": 0.52179646492004395, "class_id": 1, "x1_px": 1340.8955078125, "y1_px": 632.06829833984375, "x2_px": 1360.532958984375, "y2_px": 646.9278564453125 }, "geometry": { "type": "Polygon", "coordinates": [ [ [ 72.778764445391488, 21.162410595362616 ], [ 72.778797344645326, 21.162410595362616 ], [ 72.778797344645326, 21.162368362934316 ], [ 72.778764445391488, 21.162368362934316 ], [ 72.778764445391488, 21.162410595362616 ] ] ] } },
{ "type": "Feature", "properties": { "panel_id": "tile_17-P0068", "source_tile": "tile_17", "confidence": 0.49847367405891418, "class_id": 1, "x1_px": 1281.1751708984375, "y1_px": 449.92578125, "x2_px": 1322.4129638671875, "y2_px": 463.2314453125 }, "geometry": { "type": "Polygon", "coordinates": [ [ [ 72.778664393989374, 21.162928263569082 ], [ 72.77873348099088, 21.162928263569082 ], [ 72.77873348099088, 21.16289044747122 ], [ 72.778664393989374, 21.16289044747122 ], [ 72.778664393989374, 21.162928263569082 ] ] ] } },
{ "type": "Feature", "properties": { "panel_id": "tile_17-P0069", "source_tile": "tile_17", "confidence": 0.49013027548789978, "class_id": 1, "x1_px": 1094.512451171875, "y1_px": 614.2916259765625, "x2_px": 1124.8792724609375, "y2_px": 636.366455078125 }, "geometry": { "type": "Polygon", "coordinates": [ [ [ 72.778351671928604, 21.162461118536701 ], [ 72.778402546441441, 21.162461118536701 ], [ 72.778402546441441, 21.16239837954873 ], [ 72.778351671928604, 21.16239837954873 ], [ 72.778351671928604, 21.162461118536701 ] ] ] } },
{ "type": "Feature", "properties": { "panel_id": "tile_17-P0070", "source_tile": "tile_17", "confidence": 0.48674657940864563, "class_id": 1, "x1_px": 1610.3399658203125, "y1_px": 549.0018310546875, "x2_px": 1651.5570068359375, "y2_px": 559.855224609375 }, "geometry": { "type": "Polygon", "coordinates": [ [ [ 72.77921585436215, 21.162646679006478 ], [ 72.77928490659724, 21.162646679006478 ], [ 72.77928490659724, 21.162615832519535 ], [ 72.77921585436215, 21.162615832519535 ], [ 72.77921585436215, 21.162646679006478 ] ] ] } },
{ "type": "Feature", "properties": { "panel_id": "tile_17-P0071", "source_tile": "tile_17", "confidence": 0.48087143898010254, "class_id": 1, "x1_px": 882.05419921875, "y1_px": 557.13720703125, "x2_px": 909.174560546875, "y2_px": 574.566650390625 }, "geometry": { "type": "Polygon", "coordinates": [ [ [ 72.777995733782632, 21.1626235574116 ], [ 72.778041169396644, 21.1626235574116 ], [ 72.778041169396644, 21.162574021098891 ], [ 72.777995733782632, 21.162574021098891 ], [ 72.777995733782632, 21.1626235574116 ] ] ] } },
{ "type": "Feature", "properties": { "panel_id": "tile_17-P0072", "source_tile": "tile_17", "confidence": 0.46810436248779297, "class_id": 1, "x1_px": 105.31150817871094, "y1_px": 35.468681335449219, "x2_px": 126.09773254394531, "y2_px": 60.368858337402344 }, "geometry": { "type": "Polygon", "coordinates": [ [ [ 72.776694431758358, 21.164106194274101 ], [ 72.77672925558889, 21.164106194274101 ], [ 72.77672925558889, 21.16403542534999 ], [ 72.776694431758358, 21.16403542534999 ], [ 72.776694431758358, 21.164106194274101 ] ] ] } },
{ "type": "Feature", "properties": { "panel_id": "tile_17-P0073", "source_tile": "tile_17", "confidence": 0.45597374439239502, "class_id": 1, "x1_px": 613.986083984375, "y1_px": 46.239585876464844, "x2_px": 626.34375, "y2_px": 66.244071960449219 }, "geometry": { "type": "Polygon", "coordinates": [ [ [ 72.7775466306433, 21.164075582229614 ], [ 72.777567333838817, 21.164075582229614 ], [ 72.777567333838817, 21.16401872737443 ], [ 72.7775466306433, 21.16401872737443 ], [ 72.7775466306433, 21.164075582229614 ] ] ] } },
{ "type": "Feature", "properties": { "panel_id": "tile_17-P0074", "source_tile": "tile_17", "confidence": 0.45279583334922791, "class_id": 1, "x1_px": 56.3128662109375, "y1_px": 310.67279052734375, "x2_px": 79.12725830078125, "y2_px": 320.0 }, "geometry": { "type": "Polygon", "coordinates": [ [ [ 72.776612342756792, 21.163324035226925 ], [ 72.776650564441979, 21.163324035226925 ], [ 72.776650564441979, 21.163297526315791 ], [ 72.776612342756792, 21.163297526315791 ], [ 72.776612342756792, 21.163324035226925 ] ] ] } },
{ "type": "Feature", "properties": { "panel_id": "tile_17-P0075", "source_tile": "tile_17", "confidence": 0.44548195600509644, "class_id": 1, "x1_px": 283.70440673828125, "y1_px": 105.47921752929688, "x2_px": 300.91729736328125, "y2_px": 119.78262329101562 }, "geometry": { "type": "Polygon", "coordinates": [ [ [ 72.776993299121628, 21.163907216960709 ], [ 72.777022136431171, 21.163907216960709 ], [ 72.777022136431171, 21.163866565175912 ], [ 72.776993299121628, 21.163866565175912 ], [ 72.776993299121628, 21.163907216960709 ] ] ] } },
{ "type": "Feature", "properties": { "panel_id": "tile_17-P0076", "source_tile": "tile_17", "confidence": 0.44212856888771057, "class_id": 1, "x1_px": 607.18670654296875, "y1_px": 271.74703979492188, "x2_px": 627.2740478515625, "y2_px": 288.15487670898438 }, "geometry": { "type": "Polygon", "coordinates": [ [ [ 72.777535239427479, 21.163434666307953 ], [ 72.777568892396744, 21.163434666307953 ], [ 72.777568892396744, 21.163388033508301 ], [ 72.777535239427479, 21.163388033508301 ], [ 72.777535239427479, 21.163434666307953 ] ] ] } },
{ "type": "Feature", "properties": { "panel_id": "tile_17-P0077", "source_tile": "tile_17", "confidence": 0.44098997116088867, "class_id": 1, "x1_px": 512.5125732421875, "y1_px": 37.440704345703125, "x2_px": 544.3546142578125, "y2_px": 52.822433471679688 }, "geometry": { "type": "Polygon", "coordinates": [ [ [ 72.777376628805541, 21.164100589577124 ], [ 72.777429974801464, 21.164100589577124 ], [ 72.777429974801464, 21.164056873083819 ], [ 72.777376628805541, 21.164056873083819 ], [ 72.777376628805541, 21.164100589577124 ] ] ] } },
{ "type": "Feature", "properties": { "panel_id": "tile_17-P0078", "source_tile": "tile_17", "confidence": 0.43798384070396423, "class_id": 1, "x1_px": 609.446533203125, "y1_px": 21.802314758300781, "x2_px": 623.3072509765625, "y2_px": 34.484737396240234 }, "geometry": { "type": "Polygon", "coordinates": [ [ [ 72.77753902538781, 21.164145035526477 ], [ 72.777562246694302, 21.164145035526477 ], [ 72.777562246694302, 21.16410899074635 ], [ 72.77753902538781, 21.16410899074635 ], [ 72.77753902538781, 21.164145035526477 ] ] ] } },
{ "type": "Feature", "properties": { "panel_id": "tile_17-P0079", "source_tile": "tile_17", "confidence": 0.43533340096473694, "class_id": 1, "x1_px": 995.8502197265625, "y1_px": 601.90234375, "x2_px": 1010.05859375, "y2_px": 628.0740966796875 }, "geometry": { "type": "Polygon", "coordinates": [ [ [ 72.778186379917514, 21.162496330180925 ], [ 72.778210183663703, 21.162496330180925 ], [ 72.778210183663703, 21.162421947304175 ], [ 72.778186379917514, 21.162421947304175 ], [ 72.778186379917514, 21.162496330180925 ] ] ] } },
{ "type": "Feature", "properties": { "panel_id": "tile_17-P0080", "source_tile": "tile_17", "confidence": 0.43298214673995972, "class_id": 1, "x1_px": 1183.3345947265625, "y1_px": 478.3167724609375, "x2_px": 1209.0556640625, "y2_px": 490.46841430664062 }, "geometry": { "type": "Polygon", "coordinates": [ [ [ 72.77850047852381, 21.162847573383534 ], [ 72.778543569858911, 21.162847573383534 ], [ 72.778543569858911, 21.162813037138289 ], [ 72.77850047852381, 21.162813037138289 ], [ 72.77850047852381, 21.162847573383534 ] ] ] } },
{ "type": "Feature", "properties": { "panel_id": "tile_17-P0081", "source_tile": "tile_17", "confidence": 0.43214577436447144, "class_id": 1, "x1_px": 621.8843994140625, "y1_px": 873.5712890625, "x2_px": 647.0743408203125, "y2_px": 888.890869140625 }, "geometry": { "type": "Polygon", "coordinates": [ [ [ 72.777559862945296, 21.161724218441616 ], [ 72.777602064464688, 21.161724218441616 ], [ 72.777602064464688, 21.161680678582446 ], [ 72.777559862945296, 21.161680678582446 ], [ 72.777559862945296, 21.161724218441616 ] ] ] } },
{ "type": "Feature", "properties": { "panel_id": "tile_17-P0082", "source_tile": "tile_17", "confidence": 0.43054479360580444, "class_id": 1, "x1_px": 518.4112548828125, "y1_px": 855.59197998046875, "x2_px": 542.43792724609375, "y2_px": 864.43414306640625 }, "geometry": { "type": "Polygon", "coordinates": [ [ [ 72.777386511056704, 21.161775317530587 ], [ 72.777426763714047, 21.161775317530587 ], [ 72.777426763714047, 21.161750187172341 ], [ 72.777386511056704, 21.161750187172341 ], [ 72.777386511056704, 21.161775317530587 ] ] ] } },
{ "type": "Feature", "properties": { "panel_id": "tile_17-P0083", "source_tile": "tile_17", "confidence": 0.42711314558982849, "class_id": 1, "x1_px": 1160.451904296875, "y1_px": 490.14678955078125, "x2_px": 1178.299072265625, "y2_px": 512.2099609375 }, "geometry": { "type": "Polygon", "coordinates": [ [ [ 72.778462142416217, 21.162813951229701 ], [ 72.77849204235099, 21.162813951229701 ], [ 72.77849204235099, 21.162751245374182 ], [ 72.778462142416217, 21.162751245374182 ], [ 72.778462142416217, 21.162813951229701 ] ] ] } },
{ "type": "Feature", "properties": { "panel_id": "tile_17-P0084", "source_tile": "tile_17", "confidence": 0.41671600937843323, "class_id": 1, "x1_px": 1192.6800537109375, "y1_px": 581.05401611328125, "x2_px": 1208.56591796875, "y2_px": 600.49945068359375 }, "geometry": { "type": "Polygon", "coordinates": [ [ [ 72.778516135271957, 21.162555583322629 ], [ 72.778542749371525, 21.162555583322629 ], [ 72.778542749371525, 21.162500317350691 ], [ 72.778516135271957, 21.162500317350691 ], [ 72.778516135271957, 21.162555583322629 ] ] ] } },
{ "type": "Feature", "properties": { "panel_id": "tile_17-P0085", "source_tile": "tile_17", "confidence": 0.40746831893920898, "class_id": 1, "x1_px": 667.29022216796875, "y1_px": 779.28802490234375, "x2_px": 684.9202880859375, "y2_px": 792.46527099609375 }, "geometry": { "type": "Polygon", "coordinates": [ [ [ 72.777635932781223, 21.161992181402912 ], [ 72.777665468997952, 21.161992181402912 ], [ 72.777665468997952, 21.161954730282435 ], [ 72.777635932781223, 21.161954730282435 ], [ 72.777635932781223, 21.161992181402912 ] ] ] } },
{ "type": "Feature", "properties": { "panel_id": "tile_17-P0086", "source_tile": "tile_17", "confidence": 0.40105172991752625, "class_id": 1, "x1_px": 992.4005126953125, "y1_px": 803.85211181640625, "x2_px": 1010.0020751953125, "y2_px": 834.3963623046875 }, "geometry": { "type": "Polygon", "coordinates": [ [ [ 72.778180600512314, 21.161922367682209 ], [ 72.778210088976351, 21.161922367682209 ], [ 72.778210088976351, 21.161835557707139 ], [ 72.778180600512314, 21.161835557707139 ], [ 72.778180600512314, 21.161922367682209 ] ] ] } },
{ "type": "Feature", "properties": { "panel_id": "tile_17-P0087", "source_tile": "tile_17", "confidence": 0.38991513848304749, "class_id": 1, "x1_px": 393.53912353515625, "y1_px": 35.1588134765625, "x2_px": 407.09744262695312, "y2_px": 51.10308837890625 }, "geometry": { "type": "Polygon", "coordinates": [ [ [ 72.777177308756933, 21.164107074951172 ], [ 72.777200023445189, 21.164107074951172 ], [ 72.777200023445189, 21.164061759643555 ], [ 72.777177308756933, 21.164061759643555 ], [ 72.777177308756933, 21.164107074951172 ] ] ] } },
{ "type": "Feature", "properties": { "panel_id": "tile_17-P0088", "source_tile": "tile_17", "confidence": 0.38470759987831116, "class_id": 1, "x1_px": 1237.4072265625, "y1_px": 791.0687255859375, "x2_px": 1251.470947265625, "y2_px": 799.979248046875 }, "geometry": { "type": "Polygon", "coordinates": [ [ [ 72.778591068143868, 21.161958699411496 ], [ 72.778614629547704, 21.161958699411496 ], [ 72.778614629547704, 21.161933374768712 ], [ 72.778591068143868, 21.161933374768712 ], [ 72.778591068143868, 21.161958699411496 ] ] ] } },
{ "type": "Feature", "properties": { "panel_id": "tile_17-P0089", "source_tile": "tile_17", "confidence": 0.38431623578071594, "class_id": 1, "x1_px": 1098.2232666015625, "y1_px": 860.94873046875, "x2_px": 1119.5172119140625, "y2_px": 874.57098388671875 }, "geometry": { "type": "Polygon", "coordinates": [ [ [ 72.778357888777094, 21.161760093081828 ], [ 72.778393563208866, 21.161760093081828 ], [ 72.778393563208866, 21.161721377203694 ], [ 72.778357888777094, 21.161721377203694 ], [ 72.778357888777094, 21.161760093081828 ] ] ] } },
{ "type": "Feature", "properties": { "panel_id": "tile_17-P0090", "source_tile": "tile_17", "confidence": 0.37691852450370789, "class_id": 1, "x1_px": 1167.6038818359375, "y1_px": 426.83221435546875, "x2_px": 1182.184814453125, "y2_px": 442.20050048828125 }, "geometry": { "type": "Polygon", "coordinates": [ [ [ 72.778474124354318, 21.162993897917097 ], [ 72.778498552259919, 21.162993897917097 ], [ 72.778498552259919, 21.162950219630194 ], [ 72.778474124354318, 21.162950219630194 ], [ 72.778474124354318, 21.162993897917097 ] ] ] } },
{ "type": "Feature", "properties": { "panel_id": "tile_17-P0091", "source_tile": "tile_17", "confidence": 0.35993069410324097, "class_id": 1, "x1_px": 1342.041015625, "y1_px": 457.0274658203125, "x2_px": 1359.2655029296875, "y2_px": 470.40582275390625 }, "geometry": { "type": "Polygon", "coordinates": [ [ [ 72.778766364497585, 21.162908079833986 ], [ 72.778795221235413, 21.162908079833986 ], [ 72.778795221235413, 21.162870057135333 ], [ 72.778766364497585, 21.162870057135333 ], [ 72.778766364497585, 21.162908079833986 ] ] ] } },
{ "type": "Feature", "properties": { "panel_id": "tile_17-P0092", "source_tile": "tile_17", "confidence": 0.35083493590354919, "class_id": 1, "x1_px": 1599.756103515625, "y1_px": 523.70648193359375, "x2_px": 1623.5780029296875, "y2_px": 541.924072265625 }, "geometry": { "type": "Polygon", "coordinates": [ [ [ 72.779198122877062, 21.16271857105135 ], [ 72.779238032471696, 21.16271857105135 ], [ 72.779238032471696, 21.162666794741984 ], [ 72.779198122877062, 21.162666794741984 ], [ 72.779198122877062, 21.16271857105135 ] ] ] } },
{ "type": "Feature", "properties": { "panel_id": "tile_17-P0093", "source_tile": "tile_17", "confidence": 0.34978494048118591, "class_id": 1, "x1_px": 169.18316650390625, "y1_px": 453.70635986328125, "x2_px": 182.80279541015625, "y2_px": 467.6947021484375 }, "geometry": { "type": "Polygon", "coordinates": [ [ [ 72.776801438002806, 21.162917518766708 ], [ 72.776824255405359, 21.162917518766708 ], [ 72.776824255405359, 21.162877762425474 ], [ 72.776801438002806, 21.162877762425474 ], [ 72.776801438002806, 21.162917518766708 ] ] ] } },
{ "type": "Feature", "properties": { "panel_id": "tile_17-P0094", "source_tile": "tile_17", "confidence": 0.34778216481208801, "class_id": 1, "x1_px": 56.629470825195312, "y1_px": 311.0115966796875, "x2_px": 78.77874755859375, "y2_px": 331.5870361328125 }, "geometry": { "type": "Polygon", "coordinates": [ [ [ 72.776612873174685, 21.163323072304177 ], [ 72.776649980570724, 21.163323072304177 ], [ 72.776649980570724, 21.163264594739413 ], [ 72.776612873174685, 21.163264594739413 ], [ 72.776612873174685, 21.163323072304177 ] ] ] } },
{ "type": "Feature", "properties": { "panel_id": "tile_17-P0095", "source_tile": "tile_17", "confidence": 0.34505549073219299, "class_id": 1, "x1_px": 1164.8985595703125, "y1_px": 441.5526123046875, "x2_px": 1181.7626953125, "y2_px": 458.31439208984375 }, "geometry": { "type": "Polygon", "coordinates": [ [ [ 72.778469592040878, 21.162952060996609 ], [ 72.778497845070135, 21.162952060996609 ], [ 72.778497845070135, 21.162904422254062 ], [ 72.778469592040878, 21.162904422254062 ], [ 72.778469592040878, 21.162952060996609 ] ] ] } },
{ "type": "Feature", "properties": { "panel_id": "tile_17-P0096", "source_tile": "tile_17", "confidence": 0.33917620778083801, "class_id": 1, "x1_px": 130.48678588867188, "y1_px": 118.93392944335938, "x2_px": 147.13998413085938, "y2_px": 133.8038330078125 }, "geometry": { "type": "Polygon", "coordinates": [ [ [ 72.77673660871119, 21.163868977253163 ], [ 72.77676450835007, 21.163868977253163 ], [ 72.77676450835007, 21.16382671542198 ], [ 72.77673660871119, 21.16382671542198 ], [ 72.77673660871119, 21.163868977253163 ] ] ] } },
{ "type": "Feature", "properties": { "panel_id": "tile_17-P0097", "source_tile": "tile_17", "confidence": 0.32876750826835632, "class_id": 1, "x1_px": 480.0076904296875, "y1_px": 205.51873779296875, "x2_px": 493.40191650390625, "y2_px": 223.208984375 }, "geometry": { "type": "Polygon", "coordinates": [ [ [ 72.777322172329434, 21.163622894113644 ], [ 72.77734461210737, 21.163622894113644 ], [ 72.77734461210737, 21.163572616570725 ], [ 72.777322172329434, 21.163572616570725 ], [ 72.777322172329434, 21.163622894113644 ] ] ] } },
{ "type": "Feature", "properties": { "panel_id": "tile_17-P0098", "source_tile": "tile_17", "confidence": 0.32193592190742493, "class_id": 1, "x1_px": 618.235595703125, "y1_px": 887.15191650390625, "x2_px": 635.7127685546875, "y2_px": 897.71014404296875 }, "geometry": { "type": "Polygon", "coordinates": [ [ [ 72.777553749987021, 21.161685620868887 ], [ 72.777583030057087, 21.161685620868887 ], [ 72.777583030057087, 21.161655613274828 ], [ 72.777553749987021, 21.161655613274828 ], [ 72.777553749987021, 21.161685620868887 ] ] ] } },
{ "type": "Feature", "properties": { "panel_id": "tile_17-P0099", "source_tile": "tile_17", "confidence": 0.31305399537086487, "class_id": 1, "x1_px": 887.88623046875, "y1_px": 890.26171875, "x2_px": 921.997802734375, "y2_px": 914.5289306640625 }, "geometry": { "type": "Polygon", "coordinates": [ [ [ 72.778005504372246, 21.161676782483557 ], [ 72.778062652586911, 21.161676782483557 ], [ 72.778062652586911, 21.161607812512852 ], [ 72.778005504372246, 21.161607812512852 ], [ 72.778005504372246, 21.161676782483557 ] ] ] } },
{ "type": "Feature", "properties": { "panel_id": "tile_17-P0100", "source_tile": "tile_17", "confidence": 0.31195923686027527, "class_id": 1, "x1_px": 463.2869873046875, "y1_px": 194.96966552734375, "x2_px": 481.81298828125, "y2_px": 213.014892578125 }, "geometry": { "type": "Polygon", "coordinates": [ [ [ 72.777294159597446, 21.16365287568745 ], [ 72.777325196803005, 21.16365287568745 ], [ 72.777325196803005, 21.163601589252675 ], [ 72.777294159597446, 21.163601589252675 ], [ 72.777294159597446, 21.16365287568745 ] ] ] } },
{ "type": "Feature", "properties": { "panel_id": "tile_17-P0101", "source_tile": "tile_17", "confidence": 0.30947136878967285, "class_id": 1, "x1_px": 376.13201904296875, "y1_px": 129.29745483398438, "x2_px": 391.23687744140625, "y2_px": 148.56484985351562 }, "geometry": { "type": "Polygon", "coordinates": [ [ [ 72.777148146074651, 21.163839523023103 ], [ 72.777173451729965, 21.163839523023103 ], [ 72.777173451729965, 21.163784763058313 ], [ 72.777148146074651, 21.163784763058313 ], [ 72.777148146074651, 21.163839523023103 ] ] ] } },
{ "type": "Feature", "properties": { "panel_id": "tile_17-P0102", "source_tile": "tile_17", "confidence": 0.30836737155914307, "class_id": 1, "x1_px": 884.658203125, "y1_px": 604.3328857421875, "x2_px": 900.7978515625, "y2_px": 618.233642578125 }, "geometry": { "type": "Polygon", "coordinates": [ [ [ 72.778000096354162, 21.162489422324736 ], [ 72.77802713562653, 21.162489422324736 ], [ 72.77802713562653, 21.162449914910571 ], [ 72.778000096354162, 21.162449914910571 ], [ 72.778000096354162, 21.162489422324736 ] ] ] } },
{ "type": "Feature", "properties": { "panel_id": "tile_17-P0103", "source_tile": "tile_17", "confidence": 0.29053226113319397, "class_id": 1, "x1_px": 789.34466552734375, "y1_px": 742.4560546875, "x2_px": 800.0, "y2_px": 754.265869140625 }, "geometry": { "type": "Polygon", "coordinates": [ [ [ 72.777840414517641, 21.162096861739311 ], [ 72.777858265742353, 21.162096861739311 ], [ 72.777858265742353, 21.162063297003499 ], [ 72.777840414517641, 21.162063297003499 ], [ 72.777840414517641, 21.162096861739311 ] ] ] } },
{ "type": "Feature", "properties": { "panel_id": "tile_17-P0104", "source_tile": "tile_17", "confidence": 0.28931033611297607, "class_id": 1, "x1_px": 742.3729248046875, "y1_px": 844.38543701171875, "x2_px": 753.981201171875, "y2_px": 861.71636962890625 }, "geometry": { "type": "Polygon", "coordinates": [ [ [ 72.77776172124895, 21.161807167705337 ], [ 72.777781168967877, 21.161807167705337 ], [ 72.777781168967877, 21.161757911370533 ], [ 72.77776172124895, 21.161757911370533 ], [ 72.77776172124895, 21.161807167705337 ] ] ] } },
{ "type": "Feature", "properties": { "panel_id": "tile_17-P0105", "source_tile": "tile_17", "confidence": 0.28138333559036255, "class_id": 1, "x1_px": 1306.9542236328125, "y1_px": 462.88821411132812, "x2_px": 1323.945068359375, "y2_px": 474.38458251953125 }, "geometry": { "type": "Polygon", "coordinates": [ [ [ 72.778707582465941, 21.162891422970421 ], [ 72.778736047774842, 21.162891422970421 ], [ 72.778736047774842, 21.162858749081263 ], [ 72.778707582465941, 21.162858749081263 ], [ 72.778707582465941, 21.162891422970421 ] ] ] } },
{ "type": "Feature", "properties": { "panel_id": "tile_17-P0106", "source_tile": "tile_17", "confidence": 0.28007042407989502, "class_id": 1, "x1_px": 1611.58740234375, "y1_px": 566.206298828125, "x2_px": 1631.7486572265625, "y2_px": 574.3594970703125 }, "geometry": { "type": "Polygon", "coordinates": [ [ [ 72.779217944232698, 21.162597782098072 ], [ 72.779251721031756, 21.162597782098072 ], [ 72.779251721031756, 21.162574609850434 ], [ 72.779217944232698, 21.162574609850434 ], [ 72.779217944232698, 21.162597782098072 ] ] ] } },
{ "type": "Feature", "properties": { "panel_id": "tile_17-P0107", "source_tile": "tile_17", "confidence": 0.2795129120349884, "class_id": 1, "x1_px": 1174.8170166015625, "y1_px": 585.106689453125, "x2_px": 1192.6898193359375, "y2_px": 612.66680908203125 }, "geometry": { "type": "Polygon", "coordinates": [ [ [ 72.778486208751104, 21.1625440651984 ], [ 72.77851615163263, 21.1625440651984 ], [ 72.77851615163263, 21.162465736437348 ], [ 72.778486208751104, 21.162465736437348 ], [ 72.778486208751104, 21.1625440651984 ] ] ] } },
{ "type": "Feature", "properties": { "panel_id": "tile_17-P0108", "source_tile": "tile_17", "confidence": 0.27433732151985168, "class_id": 1, "x1_px": 756.67962646484375, "y1_px": 848.50823974609375, "x2_px": 764.9608154296875, "y2_px": 862.8779296875 }, "geometry": { "type": "Polygon", "coordinates": [ [ [ 72.777785689726599, 21.161795450265988 ], [ 72.777799563468946, 21.161795450265988 ], [ 72.777799563468946, 21.161754610094576 ], [ 72.777785689726599, 21.161754610094576 ], [ 72.777785689726599, 21.161795450265988 ] ] ] } },
{ "type": "Feature", "properties": { "panel_id": "tile_17-P0109", "source_tile": "tile_17", "confidence": 0.27146515250205994, "class_id": 1, "x1_px": 508.57623291015625, "y1_px": 52.007347106933594, "x2_px": 523.70965576171875, "y2_px": 65.775146484375 }, "geometry": { "type": "Polygon", "coordinates": [ [ [ 72.777370034127927, 21.164059189645066 ], [ 72.777395387638194, 21.164059189645066 ], [ 72.777395387638194, 21.164020060109994 ], [ 72.777370034127927, 21.164020060109994 ], [ 72.777370034127927, 21.164059189645066 ] ] ] } },
{ "type": "Feature", "properties": { "panel_id": "tile_17-P0110", "source_tile": "tile_17", "confidence": 0.26614487171173096, "class_id": 1, "x1_px": 1046.976806640625, "y1_px": 441.07333374023438, "x2_px": 1062.343505859375, "y2_px": 465.285400390625 }, "geometry": { "type": "Polygon", "coordinates": [ [ [ 72.778272033933717, 21.16295342315674 ], [ 72.778297778259386, 21.16295342315674 ], [ 72.778297778259386, 21.162884609914681 ], [ 72.778272033933717, 21.162884609914681 ], [ 72.778272033933717, 21.16295342315674 ] ] ] } },
{ "type": "Feature", "properties": { "panel_id": "tile_17-P0111", "source_tile": "tile_17", "confidence": 0.25894936919212341, "class_id": 1, "x1_px": 812.6094970703125, "y1_px": 757.2489013671875, "x2_px": 821.516845703125, "y2_px": 765.0059814453125 }, "geometry": { "type": "Polygon", "coordinates": [ [ [ 72.777879390838535, 21.162054818911908 ], [ 72.777894313606325, 21.162054818911908 ], [ 72.777894313606325, 21.16203277247379 ], [ 72.777879390838535, 21.16203277247379 ], [ 72.777879390838535, 21.162054818911908 ] ] ] } },
{ "type": "Feature", "properties": { "panel_id": "tile_17-P0112", "source_tile": "tile_17", "confidence": 0.25038528442382812, "class_id": 1, "x1_px": 1578.175537109375, "y1_px": 525.397216796875, "x2_px": 1601.15966796875, "y2_px": 543.83868408203125 }, "geometry": { "type": "Polygon", "coordinates": [ [ [ 72.779161968259757, 21.162713765804895 ], [ 72.779200474313754, 21.162713765804895 ], [ 72.779200474313754, 21.162661353213664 ], [ 72.779161968259757, 21.162661353213664 ], [ 72.779161968259757, 21.162713765804895 ] ] ] } },
{ "type": "Feature", "properties": { "panel_id": "tile_18-P0001", "source_tile": "tile_18", "confidence": 0.87191706895828247, "class_id": 1, "x1_px": 91.008277893066406, "y1_px": 426.574462890625, "x2_px": 114.63864898681641, "y2_px": 453.58233642578125 }, "geometry": { "type": "Polygon", "coordinates": [ [ [ 72.779570822238497, 21.162994630473893 ], [ 72.779610502653185, 21.162994630473893 ], [ 72.779610502653185, 21.162917871254372 ], [ 72.779570822238497, 21.162917871254372 ], [ 72.779570822238497, 21.162994630473893 ] ] ] } },
{ "type": "Feature", "properties": { "panel_id": "tile_18-P0002", "source_tile": "tile_18", "confidence": 0.85763072967529297, "class_id": 1, "x1_px": 434.36663818359375, "y1_px": 919.610107421875, "x2_px": 465.49884033203125, "y2_px": 937.9439697265625 }, "geometry": { "type": "Polygon", "coordinates": [ [ [ 72.780147393891554, 21.161593371273646 ], [ 72.78019967147479, 21.161593371273646 ], [ 72.78019967147479, 21.161541264507097 ], [ 72.780147393891554, 21.161541264507097 ], [ 72.780147393891554, 21.161593371273646 ] ] ] } },
{ "type": "Feature", "properties": { "panel_id": "tile_18-P0003", "source_tile": "tile_18", "confidence": 0.8486407995223999, "class_id": 1, "x1_px": 72.570892333984375, "y1_px": 598.97894287109375, "x2_px": 92.17828369140625, "y2_px": 622.29144287109375 }, "geometry": { "type": "Polygon", "coordinates": [ [ [ 72.779539861950056, 21.162504638793948 ], [ 72.779572786926863, 21.162504638793948 ], [ 72.779572786926863, 21.162438382215001 ], [ 72.779539861950056, 21.162438382215001 ], [ 72.779539861950056, 21.162504638793948 ] ] ] } },
{ "type": "Feature", "properties": { "panel_id": "tile_18-P0004", "source_tile": "tile_18", "confidence": 0.78992468118667603, "class_id": 1, "x1_px": 369.5350341796875, "y1_px": 442.56387329101562, "x2_px": 389.04693603515625, "y2_px": 462.1044921875 }, "geometry": { "type": "Polygon", "coordinates": [ [ [ 72.780038527851246, 21.16294918688644 ], [ 72.780071292480883, 21.16294918688644 ], [ 72.780071292480883, 21.162893650390629 ], [ 72.780038527851246, 21.162893650390629 ], [ 72.780038527851246, 21.16294918688644 ] ] ] } },
{ "type": "Feature", "properties": { "panel_id": "tile_18-P0005", "source_tile": "tile_18", "confidence": 0.78573870658874512, "class_id": 1, "x1_px": 224.22772216796875, "y1_px": 764.34844970703125, "x2_px": 249.69998168945312, "y2_px": 792.59228515625 }, "geometry": { "type": "Polygon", "coordinates": [ [ [ 72.779794525995527, 21.162034641248205 ], [ 72.7798372993323, 21.162034641248205 ], [ 72.7798372993323, 21.161954369294822 ], [ 72.779794525995527, 21.161954369294822 ], [ 72.779794525995527, 21.162034641248205 ] ] ] } },
{ "type": "Feature", "properties": { "panel_id": "tile_18-P0006", "source_tile": "tile_18", "confidence": 0.76447224617004395, "class_id": 1, "x1_px": 221.17823791503906, "y1_px": 590.69122314453125, "x2_px": 242.04298400878906, "y2_px": 622.54766845703125 }, "geometry": { "type": "Polygon", "coordinates": [ [ [ 72.779789405263429, 21.162528193365802 ], [ 72.779824441606024, 21.162528193365802 ], [ 72.779824441606024, 21.162437653994914 ], [ 72.779789405263429, 21.162437653994914 ], [ 72.779789405263429, 21.162528193365802 ] ] ] } },
{ "type": "Feature", "properties": { "panel_id": "tile_18-P0007", "source_tile": "tile_18", "confidence": 0.70029705762863159, "class_id": 1, "x1_px": 138.13925170898438, "y1_px": 714.9454345703125, "x2_px": 152.94076538085938, "y2_px": 735.297607421875 }, "geometry": { "type": "Polygon", "coordinates": [ [ [ 72.779649965159209, 21.162175049817542 ], [ 72.779674820046083, 21.162175049817542 ], [ 72.779674820046083, 21.162117206799962 ], [ 72.779649965159209, 21.162117206799962 ], [ 72.779649965159209, 21.162175049817542 ] ] ] } },
{ "type": "Feature", "properties": { "panel_id": "tile_18-P0008", "source_tile": "tile_18", "confidence": 0.69682371616363525, "class_id": 1, "x1_px": 90.233230590820312, "y1_px": 480.01043701171875, "x2_px": 110.94691467285156, "y2_px": 512.1185302734375 }, "geometry": { "type": "Polygon", "coordinates": [ [ [ 72.779569520769371, 21.162842759810601 ], [ 72.779604303446746, 21.162842759810601 ], [ 72.779604303446746, 21.162751505229753 ], [ 72.779569520769371, 21.162751505229753 ], [ 72.779569520769371, 21.162842759810601 ] ] ] } },
{ "type": "Feature", "properties": { "panel_id": "tile_18-P0009", "source_tile": "tile_18", "confidence": 0.68594086170196533, "class_id": 1, "x1_px": 144.55172729492188, "y1_px": 892.3265380859375, "x2_px": 157.03240966796875, "y2_px": 906.1671142578125 }, "geometry": { "type": "Polygon", "coordinates": [ [ [ 72.779660733068411, 21.161670914049655 ], [ 72.779681690786347, 21.161670914049655 ], [ 72.779681690786347, 21.161631577675269 ], [ 72.779660733068411, 21.161631577675269 ], [ 72.779660733068411, 21.161670914049655 ] ] ] } },
{ "type": "Feature", "properties": { "panel_id": "tile_18-P0010", "source_tile": "tile_18", "confidence": 0.66747325658798218, "class_id": 1, "x1_px": 260.287109375, "y1_px": 444.5709228515625, "x2_px": 277.16690063476562, "y2_px": 471.61306762695312 }, "geometry": { "type": "Polygon", "coordinates": [ [ [ 72.779855077369533, 21.162943482640319 ], [ 72.779883422126133, 21.162943482640319 ], [ 72.779883422126133, 21.162866626018324 ], [ 72.779855077369533, 21.162866626018324 ], [ 72.779855077369533, 21.162943482640319 ] ] ] } },
{ "type": "Feature", "properties": { "panel_id": "tile_18-P0011", "source_tile": "tile_18", "confidence": 0.66617494821548462, "class_id": 1, "x1_px": 558.9188232421875, "y1_px": 367.87310791015625, "x2_px": 578.2935791015625, "y2_px": 385.17645263671875 }, "geometry": { "type": "Polygon", "coordinates": [ [ [ 72.780356543478518, 21.163161465903837 ], [ 72.780389077810881, 21.163161465903837 ], [ 72.780389077810881, 21.16311228797672 ], [ 72.780356543478518, 21.16311228797672 ], [ 72.780356543478518, 21.163161465903837 ] ] ] } },
{ "type": "Feature", "properties": { "panel_id": "tile_18-P0012", "source_tile": "tile_18", "confidence": 0.65278679132461548, "class_id": 1, "x1_px": 205.88461303710938, "y1_px": 624.1170654296875, "x2_px": 222.13671875, "y2_px": 646.2916259765625 }, "geometry": { "type": "Polygon", "coordinates": [ [ [ 72.779763724017258, 21.162433193603519 ], [ 72.779791014756441, 21.162433193603519 ], [ 72.779791014756441, 21.162370171168281 ], [ 72.779763724017258, 21.162370171168281 ], [ 72.779763724017258, 21.162433193603519 ] ] ] } },
{ "type": "Feature", "properties": { "panel_id": "tile_18-P0013", "source_tile": "tile_18", "confidence": 0.63399028778076172, "class_id": 1, "x1_px": 315.42169189453125, "y1_px": 609.1405029296875, "x2_px": 333.49169921875, "y2_px": 643.49725341796875 }, "geometry": { "type": "Polygon", "coordinates": [ [ [ 72.779947660050084, 21.162475758570622 ], [ 72.779978003432376, 21.162475758570622 ], [ 72.779978003432376, 21.162378113069234 ], [ 72.779947660050084, 21.162378113069234 ], [ 72.779947660050084, 21.162475758570622 ] ] ] } },
{ "type": "Feature", "properties": { "panel_id": "tile_18-P0014", "source_tile": "tile_18", "confidence": 0.62367773056030273, "class_id": 1, "x1_px": 203.64227294921875, "y1_px": 710.953857421875, "x2_px": 220.774658203125, "y2_px": 741.3919677734375 }, "geometry": { "type": "Polygon", "coordinates": [ [ [ 72.779759958651738, 21.162186394299962 ], [ 72.779788727567336, 21.162186394299962 ], [ 72.779788727567336, 21.162099885986333 ], [ 72.779759958651738, 21.162099885986333 ], [ 72.779759958651738, 21.162186394299962 ] ] ] } },
{ "type": "Feature", "properties": { "panel_id": "tile_18-P0015", "source_tile": "tile_18", "confidence": 0.62290632724761963, "class_id": 1, "x1_px": 92.130783081054688, "y1_px": 618.20989990234375, "x2_px": 122.91726684570312, "y2_px": 640.28765869140625 }, "geometry": { "type": "Polygon", "coordinates": [ [ [ 72.77957270716324, 21.162449982389756 ], [ 72.77962440421183, 21.162449982389756 ], [ 72.77962440421183, 21.1623872350753 ], [ 72.77957270716324, 21.1623872350753 ], [ 72.77957270716324, 21.162449982389756 ] ] ] } },
{ "type": "Feature", "properties": { "panel_id": "tile_18-P0016", "source_tile": "tile_18", "confidence": 0.6015051007270813, "class_id": 1, "x1_px": 285.84637451171875, "y1_px": 186.110107421875, "x2_px": 314.82183837890625, "y2_px": 200.4742431640625 }, "geometry": { "type": "Polygon", "coordinates": [ [ [ 72.779897996807222, 21.163678055484173 ], [ 72.779946652768558, 21.163678055484173 ], [ 72.779946652768558, 21.163637231098377 ], [ 72.779897996807222, 21.163637231098377 ], [ 72.779897996807222, 21.163678055484173 ] ] ] } },
{ "type": "Feature", "properties": { "panel_id": "tile_18-P0017", "source_tile": "tile_18", "confidence": 0.58790981769561768, "class_id": 1, "x1_px": 190.81314086914062, "y1_px": 583.9451904296875, "x2_px": 206.52578735351562, "y2_px": 604.489990234375 }, "geometry": { "type": "Polygon", "coordinates": [ [ [ 72.779738415812687, 21.162547366300888 ], [ 72.779764800685186, 21.162547366300888 ], [ 72.779764800685186, 21.162488975817233 ], [ 72.779738415812687, 21.162488975817233 ], [ 72.779738415812687, 21.162547366300888 ] ] ] } },
{ "type": "Feature", "properties": { "panel_id": "tile_18-P0018", "source_tile": "tile_18", "confidence": 0.57946783304214478, "class_id": 1, "x1_px": 279.0855712890625, "y1_px": 440.90283203125, "x2_px": 321.29449462890625, "y2_px": 453.7333984375 }, "geometry": { "type": "Polygon", "coordinates": [ [ [ 72.779886643981897, 21.162953907740544 ], [ 72.779957521733877, 21.162953907740544 ], [ 72.779957521733877, 21.162917441920232 ], [ 72.779886643981897, 21.162917441920232 ], [ 72.779886643981897, 21.162953907740544 ] ] ] } },
{ "type": "Feature", "properties": { "panel_id": "tile_18-P0019", "source_tile": "tile_18", "confidence": 0.57352644205093384, "class_id": 1, "x1_px": 112.37104797363281, "y1_px": 495.4761962890625, "x2_px": 122.73655700683594, "y2_px": 526.754638671875 }, "geometry": { "type": "Polygon", "coordinates": [ [ [ 72.779606694869202, 21.162798804494759 ], [ 72.779624100761609, 21.162798804494759 ], [ 72.779624100761609, 21.16270990786904 ], [ 72.779606694869202, 21.16270990786904 ], [ 72.779606694869202, 21.162798804494759 ] ] ] } },
{ "type": "Feature", "properties": { "panel_id": "tile_18-P0020", "source_tile": "tile_18", "confidence": 0.57009923458099365, "class_id": 1, "x1_px": 264.68609619140625, "y1_px": 584.1298828125, "x2_px": 289.669189453125, "y2_px": 606.91510009765625 }, "geometry": { "type": "Polygon", "coordinates": [ [ [ 72.779862464203205, 21.162546841385694 ], [ 72.779904416125888, 21.162546841385694 ], [ 72.779904416125888, 21.162482083399727 ], [ 72.779862464203205, 21.162482083399727 ], [ 72.779862464203205, 21.162546841385694 ] ] ] } },
{ "type": "Feature", "properties": { "panel_id": "tile_18-P0021", "source_tile": "tile_18", "confidence": 0.56579828262329102, "class_id": 1, "x1_px": 279.58599853515625, "y1_px": 451.45269775390625, "x2_px": 321.88034057617188, "y2_px": 467.8736572265625 }, "geometry": { "type": "Polygon", "coordinates": [ [ [ 72.77988748430559, 21.162923923911649 ], [ 72.779958505493724, 21.162923923911649 ], [ 72.779958505493724, 21.162877253816305 ], [ 72.77988748430559, 21.162877253816305 ], [ 72.77988748430559, 21.162923923911649 ] ] ] } },
{ "type": "Feature", "properties": { "panel_id": "tile_18-P0022", "source_tile": "tile_18", "confidence": 0.56545555591583252, "class_id": 1, "x1_px": 81.48748779296875, "y1_px": 710.01702880859375, "x2_px": 101.87844848632812, "y2_px": 748.937255859375 }, "geometry": { "type": "Polygon", "coordinates": [ [ [ 72.779554834808678, 21.162189056865493 ], [ 72.779589075564914, 21.162189056865493 ], [ 72.779589075564914, 21.162078441483349 ], [ 72.779554834808678, 21.162078441483349 ], [ 72.779554834808678, 21.162189056865493 ] ] ] } },
{ "type": "Feature", "properties": { "panel_id": "tile_18-P0023", "source_tile": "tile_18", "confidence": 0.54476404190063477, "class_id": 1, "x1_px": 183.7049560546875, "y1_px": 481.8651123046875, "x2_px": 207.41546630859375, "y2_px": 494.389404296875 }, "geometry": { "type": "Polygon", "coordinates": [ [ [ 72.779726479659843, 21.162837488628188 ], [ 72.779766294645214, 21.162837488628188 ], [ 72.779766294645214, 21.162801893272 ], [ 72.779726479659843, 21.162801893272 ], [ 72.779726479659843, 21.162837488628188 ] ] ] } },
{ "type": "Feature", "properties": { "panel_id": "tile_18-P0024", "source_tile": "tile_18", "confidence": 0.51747012138366699, "class_id": 1, "x1_px": 315.1258544921875, "y1_px": 630.0125732421875, "x2_px": 333.14447021484375, "y2_px": 643.19732666015625 }, "geometry": { "type": "Polygon", "coordinates": [ [ [ 72.779947163276205, 21.162416437949737 ], [ 72.779977420361092, 21.162416437949737 ], [ 72.779977420361092, 21.162378965492653 ], [ 72.779947163276205, 21.162378965492653 ], [ 72.779947163276205, 21.162416437949737 ] ] ] } },
{ "type": "Feature", "properties": { "panel_id": "tile_18-P0025", "source_tile": "tile_18", "confidence": 0.50227975845336914, "class_id": 1, "x1_px": 693.8565673828125, "y1_px": 308.13372802734375, "x2_px": 711.29022216796875, "y2_px": 319.9381103515625 }, "geometry": { "type": "Polygon", "coordinates": [ [ [ 72.780583132626177, 21.16333125150982 ], [ 72.780612407437332, 21.16333125150982 ], [ 72.780612407437332, 21.163297702212688 ], [ 72.780583132626177, 21.163297702212688 ], [ 72.780583132626177, 21.16333125150982 ] ] ] } },
{ "type": "Feature", "properties": { "panel_id": "tile_18-P0026", "source_tile": "tile_18", "confidence": 0.48160979151725769, "class_id": 1, "x1_px": 180.33474731445312, "y1_px": 470.5849609375, "x2_px": 206.81222534179688, "y2_px": 482.2913818359375 }, "geometry": { "type": "Polygon", "coordinates": [ [ [ 72.779720820363167, 21.162869548005759 ], [ 72.779765281675438, 21.162869548005759 ], [ 72.779765281675438, 21.162836277125312 ], [ 72.779720820363167, 21.162836277125312 ], [ 72.779720820363167, 21.162869548005759 ] ] ] } },
{ "type": "Feature", "properties": { "panel_id": "tile_18-P0027", "source_tile": "tile_18", "confidence": 0.47931012511253357, "class_id": 1, "x1_px": 240.00820922851562, "y1_px": 766.4910888671875, "x2_px": 248.94773864746094, "y2_px": 793.62255859375 }, "geometry": { "type": "Polygon", "coordinates": [ [ [ 72.77982102478677, 21.16202855164217 ], [ 72.779836036156382, 21.16202855164217 ], [ 72.779836036156382, 21.161951441149263 ], [ 72.77982102478677, 21.161951441149263 ], [ 72.77982102478677, 21.16202855164217 ] ] ] } },
{ "type": "Feature", "properties": { "panel_id": "tile_18-P0028", "source_tile": "tile_18", "confidence": 0.4540855884552002, "class_id": 1, "x1_px": 173.55831909179688, "y1_px": 589.2669677734375, "x2_px": 190.64297485351562, "y2_px": 617.06781005859375 }, "geometry": { "type": "Polygon", "coordinates": [ [ [ 72.779709441300142, 21.16253224124949 ], [ 72.779738130067784, 21.16253224124949 ], [ 72.779738130067784, 21.162453228329309 ], [ 72.779709441300142, 21.162453228329309 ], [ 72.779709441300142, 21.16253224124949 ] ] ] } },
{ "type": "Feature", "properties": { "panel_id": "tile_18-P0029", "source_tile": "tile_18", "confidence": 0.4391208291053772, "class_id": 1, "x1_px": 45.158397674560547, "y1_px": 444.15972900390625, "x2_px": 85.639175415039062, "y2_px": 471.70223999023438 }, "geometry": { "type": "Polygon", "coordinates": [ [ [ 72.779493830546173, 21.162944651296517 ], [ 72.77956180637446, 21.162944651296517 ], [ 72.77956180637446, 21.162866372581082 ], [ 72.779493830546173, 21.162866372581082 ], [ 72.779493830546173, 21.162944651296517 ] ] ] } },
{ "type": "Feature", "properties": { "panel_id": "tile_18-P0030", "source_tile": "tile_18", "confidence": 0.43664291501045227, "class_id": 1, "x1_px": 607.0333251953125, "y1_px": 553.8331298828125, "x2_px": 648.1014404296875, "y2_px": 559.9503173828125 }, "geometry": { "type": "Polygon", "coordinates": [ [ [ 72.78043733795198, 21.162632947946651 ], [ 72.780506300044721, 21.162632947946651 ], [ 72.780506300044721, 21.162615562255862 ], [ 72.78043733795198, 21.162615562255862 ], [ 72.78043733795198, 21.162632947946651 ] ] ] } },
{ "type": "Feature", "properties": { "panel_id": "tile_18-P0031", "source_tile": "tile_18", "confidence": 0.42932584881782532, "class_id": 1, "x1_px": 608.216796875, "y1_px": 553.047607421875, "x2_px": 650.82379150390625, "y2_px": 578.46221923828125 }, "geometry": { "type": "Polygon", "coordinates": [ [ [ 72.780439325252416, 21.162635180484173 ], [ 72.780510871450701, 21.162635180484173 ], [ 72.780510871450701, 21.162562949482169 ], [ 72.780439325252416, 21.162562949482169 ], [ 72.780439325252416, 21.162635180484173 ] ] ] } },
{ "type": "Feature", "properties": { "panel_id": "tile_18-P0032", "source_tile": "tile_18", "confidence": 0.42022988200187683, "class_id": 1, "x1_px": 340.62298583984375, "y1_px": 636.362548828125, "x2_px": 358.21328735351562, "y2_px": 651.08447265625 }, "geometry": { "type": "Polygon", "coordinates": [ [ [ 72.779989978378069, 21.162398390650701 ], [ 72.780019516232372, 21.162398390650701 ], [ 72.780019516232372, 21.162356549393508 ], [ 72.779989978378069, 21.162356549393508 ], [ 72.779989978378069, 21.162398390650701 ] ] ] } },
{ "type": "Feature", "properties": { "panel_id": "tile_18-P0033", "source_tile": "tile_18", "confidence": 0.3805079460144043, "class_id": 1, "x1_px": 165.91648864746094, "y1_px": 431.05984497070312, "x2_px": 181.04231262207031, "y2_px": 446.0885009765625 }, "geometry": { "type": "Polygon", "coordinates": [ [ [ 72.779696609042887, 21.162981882545875 ], [ 72.779722008515691, 21.162981882545875 ], [ 72.779722008515691, 21.162939169523543 ], [ 72.779696609042887, 21.162939169523543 ], [ 72.779696609042887, 21.162981882545875 ] ] ] } },
{ "type": "Feature", "properties": { "panel_id": "tile_18-P0034", "source_tile": "tile_18", "confidence": 0.37543940544128418, "class_id": 1, "x1_px": 45.355598449707031, "y1_px": 445.21377563476562, "x2_px": 60.509529113769531, "y2_px": 469.42227172851562 }, "geometry": { "type": "Polygon", "coordinates": [ [ [ 72.779494161688177, 21.16294165558504 ], [ 72.779519608358086, 21.16294165558504 ], [ 72.779519608358086, 21.162872852490878 ], [ 72.779494161688177, 21.162872852490878 ], [ 72.779494161688177, 21.16294165558504 ] ] ] } },
{ "type": "Feature", "properties": { "panel_id": "tile_18-P0035", "source_tile": "tile_18", "confidence": 0.37492868304252625, "class_id": 1, "x1_px": 96.15716552734375, "y1_px": 864.82958984375, "x2_px": 118.24787902832031, "y2_px": 878.191162109375 }, "geometry": { "type": "Polygon", "coordinates": [ [ [ 72.779579468315006, 21.161749063270975 ], [ 72.779616563317418, 21.161749063270975 ], [ 72.779616563317418, 21.161711088276114 ], [ 72.779579468315006, 21.161711088276114 ], [ 72.779579468315006, 21.161749063270975 ] ] ] } },
{ "type": "Feature", "properties": { "panel_id": "tile_18-P0036", "source_tile": "tile_18", "confidence": 0.37293297052383423, "class_id": 1, "x1_px": 305.7952880859375, "y1_px": 467.03085327148438, "x2_px": 320.0, "y2_px": 478.44522094726562 }, "geometry": { "type": "Polygon", "coordinates": [ [ [ 72.779931495272407, 21.162879649153862 ], [ 72.779955348002318, 21.162879649153862 ], [ 72.779955348002318, 21.162847208319416 ], [ 72.779931495272407, 21.162847208319416 ], [ 72.779931495272407, 21.162879649153862 ] ] ] } },
{ "type": "Feature", "properties": { "panel_id": "tile_18-P0037", "source_tile": "tile_18", "confidence": 0.36170697212219238, "class_id": 1, "x1_px": 119.31695556640625, "y1_px": 864.7021484375, "x2_px": 145.4732666015625, "y2_px": 876.5692138671875 }, "geometry": { "type": "Polygon", "coordinates": [ [ [ 72.779618358524104, 21.161749425472866 ], [ 72.77966228052874, 21.161749425472866 ], [ 72.77966228052874, 21.161715698023748 ], [ 72.779618358524104, 21.161715698023748 ], [ 72.779618358524104, 21.161749425472866 ] ] ] } },
{ "type": "Feature", "properties": { "panel_id": "tile_18-P0038", "source_tile": "tile_18", "confidence": 0.36104017496109009, "class_id": 1, "x1_px": 159.05854797363281, "y1_px": 494.157470703125, "x2_px": 175.15168762207031, "y2_px": 516.0550537109375 }, "geometry": { "type": "Polygon", "coordinates": [ [ [ 72.77968509310314, 21.162802552451687 ], [ 72.779712116904506, 21.162802552451687 ], [ 72.779712116904506, 21.162740317215771 ], [ 72.77968509310314, 21.162740317215771 ], [ 72.77968509310314, 21.162802552451687 ] ] ] } },
{ "type": "Feature", "properties": { "panel_id": "tile_18-P0039", "source_tile": "tile_18", "confidence": 0.33034777641296387, "class_id": 1, "x1_px": 576.46075439453125, "y1_px": 527.8836669921875, "x2_px": 621.6121826171875, "y2_px": 546.3717041015625 }, "geometry": { "type": "Polygon", "coordinates": [ [ [ 72.780386000108706, 21.162706699051711 ], [ 72.780461818951693, 21.162706699051711 ], [ 72.780461818951693, 21.162654154104136 ], [ 72.780386000108706, 21.162654154104136 ], [ 72.780386000108706, 21.162706699051711 ] ] ] } },
{ "type": "Feature", "properties": { "panel_id": "tile_18-P0040", "source_tile": "tile_18", "confidence": 0.32050865888595581, "class_id": 1, "x1_px": 92.41552734375, "y1_px": 630.0, "x2_px": 124.367919921875, "y2_px": 640.4315185546875 }, "geometry": { "type": "Polygon", "coordinates": [ [ [ 72.779573185309374, 21.162416473684214 ], [ 72.779626840166628, 21.162416473684214 ], [ 72.779626840166628, 21.162386826210426 ], [ 72.779573185309374, 21.162386826210426 ], [ 72.779573185309374, 21.162416473684214 ] ] ] } },
{ "type": "Feature", "properties": { "panel_id": "tile_18-P0041", "source_tile": "tile_18", "confidence": 0.28785353899002075, "class_id": 1, "x1_px": 66.340667724609375, "y1_px": 504.352294921875, "x2_px": 86.303054809570312, "y2_px": 525.7335205078125 }, "geometry": { "type": "Polygon", "coordinates": [ [ [ 72.779529400078971, 21.162773577688121 ], [ 72.779562921169045, 21.162773577688121 ], [ 72.779562921169045, 21.16271280999435 ], [ 72.779529400078971, 21.16271280999435 ], [ 72.779529400078971, 21.162773577688121 ] ] ] } },
{ "type": "Feature", "properties": { "panel_id": "tile_18-P0042", "source_tile": "tile_18", "confidence": 0.28066179156303406, "class_id": 2, "x1_px": 282.02081298828125, "y1_px": 480.0057373046875, "x2_px": 298.1488037109375, "y2_px": 486.52685546875 }, "geometry": { "type": "Polygon", "coordinates": [ [ [ 72.779891572876465, 21.162842773167664 ], [ 72.779918655200206, 21.162842773167664 ], [ 72.779918655200206, 21.162824239463408 ], [ 72.779891572876465, 21.162824239463408 ], [ 72.779891572876465, 21.162842773167664 ] ] ] } },
{ "type": "Feature", "properties": { "panel_id": "tile_18-P0043", "source_tile": "tile_18", "confidence": 0.2682306170463562, "class_id": 1, "x1_px": 162.48992919921875, "y1_px": 430.23007202148438, "x2_px": 180.2445068359375, "y2_px": 463.91360473632812 }, "geometry": { "type": "Polygon", "coordinates": [ [ [ 72.779690855121402, 21.16298424084794 ], [ 72.779720668830237, 21.16298424084794 ], [ 72.779720668830237, 21.162888508702331 ], [ 72.779690855121402, 21.162888508702331 ], [ 72.779690855121402, 21.16298424084794 ] ] ] } },
{ "type": "Feature", "properties": { "panel_id": "tile_18-P0044", "source_tile": "tile_18", "confidence": 0.26104217767715454, "class_id": 1, "x1_px": 93.551918029785156, "y1_px": 493.64471435546875, "x2_px": 109.24471282958984, "y2_px": 511.85284423828125 }, "geometry": { "type": "Polygon", "coordinates": [ [ [ 72.779575093550818, 21.162804009759203 ], [ 72.779601445088133, 21.162804009759203 ], [ 72.779601445088133, 21.162752260337431 ], [ 72.779575093550818, 21.162752260337431 ], [ 72.779575093550818, 21.162804009759203 ] ] ] } },
{ "type": "Feature", "properties": { "panel_id": "tile_21-P0001", "source_tile": "tile_21", "confidence": 0.8615877628326416, "class_id": 1, "x1_px": 591.69061279296875, "y1_px": 110.62850952148438, "x2_px": 615.2249755859375, "y2_px": 134.8651123046875 }, "geometry": { "type": "Polygon", "coordinates": [ [ [ 72.789112149928783, 21.163892250815906 ], [ 72.789151692021534, 21.163892250815906 ], [ 72.789151692021534, 21.163823295254772 ], [ 72.789112149928783, 21.163823295254772 ], [ 72.789112149928783, 21.163892250815906 ] ] ] } },
{ "type": "Feature", "properties": { "panel_id": "tile_21-P0002", "source_tile": "tile_21", "confidence": 0.84717738628387451, "class_id": 1, "x1_px": 1613.5994873046875, "y1_px": 365.7413330078125, "x2_px": 1643.1458740234375, "y2_px": 402.51287841796875 }, "geometry": { "type": "Polygon", "coordinates": [ [ [ 72.790829146299643, 21.163166429294922 ], [ 72.790878789707222, 21.163166429294922 ], [ 72.790878789707222, 21.1630618105672 ], [ 72.790829146299643, 21.1630618105672 ], [ 72.790829146299643, 21.163166429294922 ] ] ] } },
{ "type": "Feature", "properties": { "panel_id": "tile_21-P0003", "source_tile": "tile_21", "confidence": 0.84544086456298828, "class_id": 1, "x1_px": 470.66580200195312, "y1_px": 46.209579467773438, "x2_px": 497.59829711914062, "y2_px": 62.893310546875 }, "geometry": { "type": "Polygon", "coordinates": [ [ [ 72.788908805808674, 21.164075529120588 ], [ 72.788954057393752, 21.164075529120588 ], [ 72.788954057393752, 21.164028062235538 ], [ 72.788908805808674, 21.164028062235538 ], [ 72.788908805808674, 21.164075529120588 ] ] ] } },
{ "type": "Feature", "properties": { "panel_id": "tile_21-P0004", "source_tile": "tile_21", "confidence": 0.82727324962615967, "class_id": 1, "x1_px": 250.05647277832031, "y1_px": 254.93742370605469, "x2_px": 286.1339111328125, "y2_px": 272.76324462890625 }, "geometry": { "type": "Polygon", "coordinates": [ [ [ 72.788538141234667, 21.163481677508951 ], [ 72.788598758019845, 21.163481677508951 ], [ 72.788598758019845, 21.163430961263966 ], [ 72.788538141234667, 21.163430961263966 ], [ 72.788538141234667, 21.163481677508951 ] ] ] } },
{ "type": "Feature", "properties": { "panel_id": "tile_21-P0005", "source_tile": "tile_21", "confidence": 0.82520860433578491, "class_id": 1, "x1_px": 1396.55615234375, "y1_px": 330.7939453125, "x2_px": 1434.3990478515625, "y2_px": 350.63372802734375 }, "geometry": { "type": "Polygon", "coordinates": [ [ [ 72.790464473257117, 21.163265858111338 ], [ 72.790528056337635, 21.163265858111338 ], [ 72.790528056337635, 21.163209411943445 ], [ 72.790464473257117, 21.163209411943445 ], [ 72.790464473257117, 21.163265858111338 ] ] ] } },
{ "type": "Feature", "properties": { "panel_id": "tile_21-P0006", "source_tile": "tile_21", "confidence": 0.82329428195953369, "class_id": 1, "x1_px": 474.17294311523438, "y1_px": 192.25885009765625, "x2_px": 490.4058837890625, "y2_px": 212.78875732421875 }, "geometry": { "type": "Polygon", "coordinates": [ [ [ 72.788914698455969, 21.16366000432533 ], [ 72.788941972805887, 21.16366000432533 ], [ 72.788941972805887, 21.163601594684117 ], [ 72.788914698455969, 21.163601594684117 ], [ 72.788914698455969, 21.16366000432533 ] ] ] } },
{ "type": "Feature", "properties": { "panel_id": "tile_21-P0007", "source_tile": "tile_21", "confidence": 0.82196676731109619, "class_id": 1, "x1_px": 1628.0533447265625, "y1_px": 164.103759765625, "x2_px": 1660.6546630859375, "y2_px": 192.130859375 }, "geometry": { "type": "Polygon", "coordinates": [ [ [ 72.790853431459851, 21.163740108375801 ], [ 72.790908207718971, 21.163740108375801 ], [ 72.790908207718971, 21.163660368471749 ], [ 72.790853431459851, 21.163660368471749 ], [ 72.790853431459851, 21.163740108375801 ] ] ] } },
{ "type": "Feature", "properties": { "panel_id": "tile_21-P0008", "source_tile": "tile_21", "confidence": 0.81209385395050049, "class_id": 1, "x1_px": 742.92950439453125, "y1_px": 130.59101867675781, "x2_px": 769.30731201171875, "y2_px": 156.67036437988281 }, "geometry": { "type": "Polygon", "coordinates": [ [ [ 72.789366259306334, 21.163835455479003 ], [ 72.789410578913561, 21.163835455479003 ], [ 72.789410578913561, 21.163761257129796 ], [ 72.789366259306334, 21.163761257129796 ], [ 72.789366259306334, 21.163835455479003 ] ] ] } },
{ "type": "Feature", "properties": { "panel_id": "tile_21-P0009", "source_tile": "tile_21", "confidence": 0.80894690752029419, "class_id": 1, "x1_px": 371.69281005859375, "y1_px": 163.55830383300781, "x2_px": 392.01947021484375, "y2_px": 182.28056335449219 }, "geometry": { "type": "Polygon", "coordinates": [ [ [ 72.788742512832641, 21.16374166025253 ], [ 72.788776665390259, 21.16374166025253 ], [ 72.788776665390259, 21.163688393549993 ], [ 72.788742512832641, 21.163688393549993 ], [ 72.788742512832641, 21.16374166025253 ] ] ] } },
{ "type": "Feature", "properties": { "panel_id": "tile_21-P0010", "source_tile": "tile_21", "confidence": 0.80431437492370605, "class_id": 1, "x1_px": 1163.9072265625, "y1_px": 62.607570648193359, "x2_px": 1190.0494384765625, "y2_px": 78.723907470703125 }, "geometry": { "type": "Polygon", "coordinates": [ [ [ 72.790073579928745, 21.164028875194152 ], [ 72.790117503691519, 21.164028875194152 ], [ 72.790117503691519, 21.163983022602562 ], [ 72.790073579928745, 21.163983022602562 ], [ 72.790073579928745, 21.164028875194152 ] ] ] } },
{ "type": "Feature", "properties": { "panel_id": "tile_21-P0011", "source_tile": "tile_21", "confidence": 0.80409157276153564, "class_id": 1, "x1_px": 1634.215087890625, "y1_px": 191.17910766601562, "x2_px": 1667.93994140625, "y2_px": 221.28689575195312 }, "geometry": { "type": "Polygon", "coordinates": [ [ [ 72.790863784330753, 21.163663076300637 ], [ 72.790920448337232, 21.163663076300637 ], [ 72.790920448337232, 21.163577416629579 ], [ 72.790863784330753, 21.163577416629579 ], [ 72.790863784330753, 21.163663076300637 ] ] ] } },
{ "type": "Feature", "properties": { "panel_id": "tile_21-P0012", "source_tile": "tile_21", "confidence": 0.78397750854492188, "class_id": 1, "x1_px": 245.25666809082031, "y1_px": 144.82354736328125, "x2_px": 270.26431274414062, "y2_px": 171.51895141601562 }, "geometry": { "type": "Polygon", "coordinates": [ [ [ 72.788530076672913, 21.163794962510138 ], [ 72.788572094152329, 21.163794962510138 ], [ 72.788572094152329, 21.163719011413253 ], [ 72.788530076672913, 21.163719011413253 ], [ 72.788530076672913, 21.163794962510138 ] ] ] } },
{ "type": "Feature", "properties": { "panel_id": "tile_21-P0013", "source_tile": "tile_21", "confidence": 0.7822577953338623, "class_id": 1, "x1_px": 1022.0206909179688, "y1_px": 145.66319274902344, "x2_px": 1080.33935546875, "y2_px": 166.69416809082031 }, "geometry": { "type": "Polygon", "coordinates": [ [ [ 72.789835184243131, 21.163792573634961 ], [ 72.789933170411842, 21.163792573634961 ], [ 72.789933170411842, 21.1637327384048 ], [ 72.789835184243131, 21.1637327384048 ], [ 72.789835184243131, 21.163792573634961 ] ] ] } },
{ "type": "Feature", "properties": { "panel_id": "tile_21-P0014", "source_tile": "tile_21", "confidence": 0.77905833721160889, "class_id": 1, "x1_px": 322.90313720703125, "y1_px": 62.16827392578125, "x2_px": 347.72100830078125, "y2_px": 79.982025146484375 }, "geometry": { "type": "Polygon", "coordinates": [ [ [ 72.788660537136664, 21.164030125037304 ], [ 72.78870223576132, 21.164030125037304 ], [ 72.78870223576132, 21.163979443131829 ], [ 72.788660537136664, 21.163979443131829 ], [ 72.788660537136664, 21.164030125037304 ] ] ] } },
{ "type": "Feature", "properties": { "panel_id": "tile_21-P0015", "source_tile": "tile_21", "confidence": 0.77683532238006592, "class_id": 1, "x1_px": 736.34735107421875, "y1_px": 85.468254089355469, "x2_px": 778.27362060546875, "y2_px": 106.31040191650391 }, "geometry": { "type": "Polygon", "coordinates": [ [ [ 72.789355200068414, 21.163963834261285 ], [ 72.789425643974354, 21.163963834261285 ], [ 72.789425643974354, 21.163904536264308 ], [ 72.789355200068414, 21.163904536264308 ], [ 72.789355200068414, 21.163963834261285 ] ] ] } },
{ "type": "Feature", "properties": { "panel_id": "tile_21-P0016", "source_tile": "tile_21", "confidence": 0.75888633728027344, "class_id": 1, "x1_px": 469.39022827148438, "y1_px": 157.822998046875, "x2_px": 488.38613891601562, "y2_px": 180.4547119140625 }, "geometry": { "type": "Polygon", "coordinates": [ [ [ 72.788906662608326, 21.163757977771628 ], [ 72.788938579260048, 21.163757977771628 ], [ 72.788938579260048, 21.163693588280118 ], [ 72.788906662608326, 21.163693588280118 ], [ 72.788906662608326, 21.163757977771628 ] ] ] } },
{ "type": "Feature", "properties": { "panel_id": "tile_21-P0017", "source_tile": "tile_21", "confidence": 0.75707042217254639, "class_id": 1, "x1_px": 1093.628662109375, "y1_px": 1.6482639312744141, "x2_px": 1132.7325439453125, "y2_px": 16.925941467285156 }, "geometry": { "type": "Polygon", "coordinates": [ [ [ 72.789955498910828, 21.164202310524118 ], [ 72.790021200682176, 21.164202310524118 ], [ 72.790021200682176, 21.164158844002149 ], [ 72.789955498910828, 21.164158844002149 ], [ 72.789955498910828, 21.164202310524118 ] ] ] } },
{ "type": "Feature", "properties": { "panel_id": "tile_21-P0018", "source_tile": "tile_21", "confidence": 0.74378657341003418, "class_id": 1, "x1_px": 230.38018798828125, "y1_px": 112.13533020019531, "x2_px": 258.33770751953125, "y2_px": 137.65876770019531 }, "geometry": { "type": "Polygon", "coordinates": [ [ [ 72.788505081428241, 21.163887963760232 ], [ 72.788552055244367, 21.163887963760232 ], [ 72.788552055244367, 21.163815347025512 ], [ 72.788505081428241, 21.163815347025512 ], [ 72.788505081428241, 21.163887963760232 ] ] ] } },
{ "type": "Feature", "properties": { "panel_id": "tile_21-P0019", "source_tile": "tile_21", "confidence": 0.72293943166732788, "class_id": 1, "x1_px": 1480.3682861328125, "y1_px": 667.849609375, "x2_px": 1503.4515380859375, "y2_px": 685.93231201171875 }, "geometry": { "type": "Polygon", "coordinates": [ [ [ 72.790605293180633, 21.162306901005998 ], [ 72.790644077323549, 21.162306901005998 ], [ 72.790644077323549, 21.16225545390682 ], [ 72.790605293180633, 21.16225545390682 ], [ 72.790605293180633, 21.162306901005998 ] ] ] } },
{ "type": "Feature", "properties": { "panel_id": "tile_21-P0020", "source_tile": "tile_21", "confidence": 0.72201168537139893, "class_id": 1, "x1_px": 1512.082763671875, "y1_px": 133.30612182617188, "x2_px": 1540.373291015625, "y2_px": 149.49728393554688 }, "geometry": { "type": "Polygon", "coordinates": [ [ [ 72.79065857938275, 21.163827730738745 ], [ 72.79070611271375, 21.163827730738745 ], [ 72.79070611271375, 21.163781665261723 ], [ 72.79065857938275, 21.163781665261723 ], [ 72.79065857938275, 21.163827730738745 ] ] ] } },
{ "type": "Feature", "properties": { "panel_id": "tile_21-P0021", "source_tile": "tile_21", "confidence": 0.71595829725265503, "class_id": 1, "x1_px": 1550.61328125, "y1_px": 377.6038818359375, "x2_px": 1590.048583984375, "y2_px": 402.68988037109375 }, "geometry": { "type": "Polygon", "coordinates": [ [ [ 72.790723317795837, 21.163132679156 ], [ 72.790789576415719, 21.163132679156 ], [ 72.790789576415719, 21.163061306978925 ], [ 72.790723317795837, 21.163061306978925 ], [ 72.790723317795837, 21.163132679156 ] ] ] } },
{ "type": "Feature", "properties": { "panel_id": "tile_21-P0022", "source_tile": "tile_21", "confidence": 0.71248871088027954, "class_id": 1, "x1_px": 1098.92431640625, "y1_px": 19.556915283203125, "x2_px": 1118.2435302734375, "y2_px": 38.984687805175781 }, "geometry": { "type": "Polygon", "coordinates": [ [ [ 72.78996439659187, 21.16415135861827 ], [ 72.789996856452944, 21.16415135861827 ], [ 72.789996856452944, 21.164096084660617 ], [ 72.78996439659187, 21.164096084660617 ], [ 72.78996439659187, 21.16415135861827 ] ] ] } },
{ "type": "Feature", "properties": { "panel_id": "tile_21-P0023", "source_tile": "tile_21", "confidence": 0.70326328277587891, "class_id": 1, "x1_px": 376.38467407226562, "y1_px": 180.98223876953125, "x2_px": 404.79379272460938, "y2_px": 197.75424194335938 }, "geometry": { "type": "Polygon", "coordinates": [ [ [ 72.788750396034061, 21.163692087413409 ], [ 72.788798128620442, 21.163692087413409 ], [ 72.788798128620442, 21.163644369385409 ], [ 72.788750396034061, 21.163644369385409 ], [ 72.788750396034061, 21.163692087413409 ] ] ] } },
{ "type": "Feature", "properties": { "panel_id": "tile_21-P0024", "source_tile": "tile_21", "confidence": 0.70215481519699097, "class_id": 1, "x1_px": 1022.1236572265625, "y1_px": 152.32672119140625, "x2_px": 1039.9827880859375, "y2_px": 167.35354614257812 }, "geometry": { "type": "Polygon", "coordinates": [ [ [ 72.789835357245622, 21.163773615229488 ], [ 72.789865363896538, 21.163773615229488 ], [ 72.789865363896538, 21.163730862408237 ], [ 72.789835357245622, 21.163730862408237 ], [ 72.789835357245622, 21.163773615229488 ] ] ] } },
{ "type": "Feature", "properties": { "panel_id": "tile_21-P0025", "source_tile": "tile_21", "confidence": 0.70031148195266724, "class_id": 1, "x1_px": 1255.5606689453125, "y1_px": 59.849346160888672, "x2_px": 1290.4586181640625, "y2_px": 81.299209594726562 }, "geometry": { "type": "Polygon", "coordinates": [ [ [ 72.790227574704474, 21.164036722618931 ], [ 72.790286209729231, 21.164036722618931 ], [ 72.790286209729231, 21.163975695610215 ], [ 72.790227574704474, 21.163975695610215 ], [ 72.790227574704474, 21.164036722618931 ] ] ] } },
{ "type": "Feature", "properties": { "panel_id": "tile_21-P0026", "source_tile": "tile_21", "confidence": 0.69553458690643311, "class_id": 1, "x1_px": 1468.0247802734375, "y1_px": 199.77621459960938, "x2_px": 1487.6962890625, "y2_px": 231.3128662109375 }, "geometry": { "type": "Polygon", "coordinates": [ [ [ 72.790584553802304, 21.163638616670791 ], [ 72.79061760558416, 21.163638616670791 ], [ 72.79061760558416, 21.163548891739971 ], [ 72.790584553802304, 21.163548891739971 ], [ 72.790584553802304, 21.163638616670791 ] ] ] } },
{ "type": "Feature", "properties": { "panel_id": "tile_21-P0027", "source_tile": "tile_21", "confidence": 0.68539506196975708, "class_id": 1, "x1_px": 1156.893310546875, "y1_px": 22.524150848388672, "x2_px": 1178.8458251953125, "y2_px": 38.898704528808594 }, "geometry": { "type": "Polygon", "coordinates": [ [ [ 72.790061795249457, 21.164142916536051 ], [ 72.790098679544059, 21.164142916536051 ], [ 72.790098679544059, 21.164096329291649 ], [ 72.790061795249457, 21.164096329291649 ], [ 72.790061795249457, 21.164142916536051 ] ] ] } },
{ "type": "Feature", "properties": { "panel_id": "tile_21-P0028", "source_tile": "tile_21", "confidence": 0.66529387235641479, "class_id": 1, "x1_px": 240.04690551757812, "y1_px": 2.3163585662841797, "x2_px": 259.4334716796875, "y2_px": 17.644609451293945 }, "geometry": { "type": "Polygon", "coordinates": [ [ [ 72.788521323305901, 21.164200409728 ], [ 72.788553896331308, 21.164200409728 ], [ 72.788553896331308, 21.164156799319791 ], [ 72.788521323305901, 21.164156799319791 ], [ 72.788521323305901, 21.164200409728 ] ] ] } },
{ "type": "Feature", "properties": { "panel_id": "tile_21-P0029", "source_tile": "tile_21", "confidence": 0.66021710634231567, "class_id": 1, "x1_px": 1460.03564453125, "y1_px": 125.772705078125, "x2_px": 1481.3072509765625, "y2_px": 142.06939697265625 }, "geometry": { "type": "Polygon", "coordinates": [ [ [ 72.79057113057307, 21.163849164063532 ], [ 72.790606870815651, 21.163849164063532 ], [ 72.790606870815651, 21.163802798343703 ], [ 72.79057113057307, 21.163802798343703 ], [ 72.79057113057307, 21.163849164063532 ] ] ] } },
{ "type": "Feature", "properties": { "panel_id": "tile_21-P0030", "source_tile": "tile_21", "confidence": 0.65379184484481812, "class_id": 1, "x1_px": 1545.722412109375, "y1_px": 333.02813720703125, "x2_px": 1565.5809326171875, "y2_px": 356.68426513671875 }, "geometry": { "type": "Polygon", "coordinates": [ [ [ 72.790715100228908, 21.163259501611741 ], [ 72.790748466225125, 21.163259501611741 ], [ 72.790748466225125, 21.163192197559678 ], [ 72.790715100228908, 21.163192197559678 ], [ 72.790715100228908, 21.163259501611741 ] ] ] } },
{ "type": "Feature", "properties": { "panel_id": "tile_21-P0031", "source_tile": "tile_21", "confidence": 0.6350434422492981, "class_id": 1, "x1_px": 1493.1688232421875, "y1_px": 243.1600341796875, "x2_px": 1512.14404296875, "y2_px": 259.7503662109375 }, "geometry": { "type": "Polygon", "coordinates": [ [ [ 72.790626800456195, 21.163515185361135 ], [ 72.790658682343334, 21.163515185361135 ], [ 72.790658682343334, 21.163467984205724 ], [ 72.790626800456195, 21.163467984205724 ], [ 72.790626800456195, 21.163515185361135 ] ] ] } },
{ "type": "Feature", "properties": { "panel_id": "tile_21-P0032", "source_tile": "tile_21", "confidence": 0.63091480731964111, "class_id": 1, "x1_px": 1464.0867919921875, "y1_px": 141.26150512695312, "x2_px": 1482.3980712890625, "y2_px": 156.27334594726562 }, "geometry": { "type": "Polygon", "coordinates": [ [ [ 72.790577937251896, 21.163805096876878 ], [ 72.790608703596021, 21.163805096876878 ], [ 72.790608703596021, 21.16376238668698 ], [ 72.790577937251896, 21.16376238668698 ], [ 72.790577937251896, 21.163805096876878 ] ] ] } },
{ "type": "Feature", "properties": { "panel_id": "tile_21-P0033", "source_tile": "tile_21", "confidence": 0.61518514156341553, "class_id": 1, "x1_px": 1035.417236328125, "y1_px": 191.89849853515625, "x2_px": 1054.09619140625, "y2_px": 213.72979736328125 }, "geometry": { "type": "Polygon", "coordinates": [ [ [ 72.789857692923135, 21.163661029561599 ], [ 72.789889077030736, 21.163661029561599 ], [ 72.789889077030736, 21.163598917331001 ], [ 72.789857692923135, 21.163598917331001 ], [ 72.789857692923135, 21.163661029561599 ] ] ] } },
{ "type": "Feature", "properties": { "panel_id": "tile_21-P0034", "source_tile": "tile_21", "confidence": 0.60984247922897339, "class_id": 1, "x1_px": 1626.0733642578125, "y1_px": 338.0572509765625, "x2_px": 1644.4664306640625, "y2_px": 355.803466796875 }, "geometry": { "type": "Polygon", "coordinates": [ [ [ 72.790850104725578, 21.163245193279625 ], [ 72.790881008487204, 21.163245193279625 ], [ 72.790881008487204, 21.163194703519125 ], [ 72.790850104725578, 21.163194703519125 ], [ 72.790850104725578, 21.163245193279625 ] ] ] } },
{ "type": "Feature", "properties": { "panel_id": "tile_21-P0035", "source_tile": "tile_21", "confidence": 0.60227769613265991, "class_id": 1, "x1_px": 464.53390502929688, "y1_px": 120.62638854980469, "x2_px": 483.40438842773438, "y2_px": 136.59889221191406 }, "geometry": { "type": "Polygon", "coordinates": [ [ [ 72.788898503084908, 21.163863805849228 ], [ 72.788930208995609, 21.163863805849228 ], [ 72.788930208995609, 21.163818362477375 ], [ 72.788898503084908, 21.163818362477375 ], [ 72.788898503084908, 21.163863805849228 ] ] ] } },
{ "type": "Feature", "properties": { "panel_id": "tile_21-P0036", "source_tile": "tile_21", "confidence": 0.60201704502105713, "class_id": 1, "x1_px": 480.0, "y1_px": 158.01763916015625, "x2_px": 488.13619995117188, "y2_px": 179.32745361328125 }, "geometry": { "type": "Polygon", "coordinates": [ [ [ 72.788924488991881, 21.163757423998177 ], [ 72.788938159316245, 21.163757423998177 ], [ 72.788938159316245, 21.163696795442831 ], [ 72.788924488991881, 21.163696795442831 ], [ 72.788924488991881, 21.163757423998177 ] ] ] } },
{ "type": "Feature", "properties": { "panel_id": "tile_21-P0037", "source_tile": "tile_21", "confidence": 0.60171973705291748, "class_id": 1, "x1_px": 1584.2529296875, "y1_px": 186.01243591308594, "x2_px": 1613.4168701171875, "y2_px": 207.44090270996094 }, "geometry": { "type": "Polygon", "coordinates": [ [ [ 72.790779838641996, 21.163677775998984 ], [ 72.790828839468901, 21.163677775998984 ], [ 72.790828839468901, 21.163616809865843 ], [ 72.790779838641996, 21.163616809865843 ], [ 72.790779838641996, 21.163677775998984 ] ] ] } },
{ "type": "Feature", "properties": { "panel_id": "tile_21-P0038", "source_tile": "tile_21", "confidence": 0.59696948528289795, "class_id": 1, "x1_px": 1406.0, "y1_px": 240.0, "x2_px": 1421.6148681640625, "y2_px": 255.65310668945312 }, "geometry": { "type": "Polygon", "coordinates": [ [ [ 72.790480340672062, 21.163524175974711 ], [ 72.790506576545582, 21.163524175974711 ], [ 72.790506576545582, 21.163479641319221 ], [ 72.790480340672062, 21.163479641319221 ], [ 72.790480340672062, 21.163524175974711 ] ] ] } },
{ "type": "Feature", "properties": { "panel_id": "tile_21-P0039", "source_tile": "tile_21", "confidence": 0.59531265497207642, "class_id": 1, "x1_px": 324.60205078125, "y1_px": 78.703155517578125, "x2_px": 348.05398559570312, "y2_px": 89.412261962890625 }, "geometry": { "type": "Polygon", "coordinates": [ [ [ 72.788663391626443, 21.163983081643945 ], [ 72.788702795224921, 21.163983081643945 ], [ 72.788702795224921, 21.163952613164071 ], [ 72.788663391626443, 21.163952613164071 ], [ 72.788663391626443, 21.163983081643945 ] ] ] } },
{ "type": "Feature", "properties": { "panel_id": "tile_21-P0040", "source_tile": "tile_21", "confidence": 0.58989226818084717, "class_id": 1, "x1_px": 1682.093017578125, "y1_px": 365.52911376953125, "x2_px": 1701.678955078125, "y2_px": 395.659912109375 }, "geometry": { "type": "Polygon", "coordinates": [ [ [ 72.790944228129177, 21.163167033079898 ], [ 72.79097713613541, 21.163167033079898 ], [ 72.79097713613541, 21.163081307942367 ], [ 72.790944228129177, 21.163081307942367 ], [ 72.790944228129177, 21.163167033079898 ] ] ] } },
{ "type": "Feature", "properties": { "panel_id": "tile_21-P0041", "source_tile": "tile_21", "confidence": 0.5481104850769043, "class_id": 1, "x1_px": 1606.366455078125, "y1_px": 311.97958374023438, "x2_px": 1640.399169921875, "y2_px": 331.07644653320312 }, "geometry": { "type": "Polygon", "coordinates": [ [ [ 72.790816993464489, 21.163319386853427 ], [ 72.790874174735094, 21.163319386853427 ], [ 72.790874174735094, 21.163265054367084 ], [ 72.790816993464489, 21.163265054367084 ], [ 72.790816993464489, 21.163319386853427 ] ] ] } },
{ "type": "Feature", "properties": { "panel_id": "tile_21-P0042", "source_tile": "tile_21", "confidence": 0.54347264766693115, "class_id": 1, "x1_px": 1385.2274169921875, "y1_px": 235.915283203125, "x2_px": 1422.1270751953125, "y2_px": 258.11175537109375 }, "geometry": { "type": "Polygon", "coordinates": [ [ [ 72.790445438881378, 21.163535797402901 ], [ 72.790507437148349, 21.163535797402901 ], [ 72.790507437148349, 21.163472646217595 ], [ 72.790445438881378, 21.163472646217595 ], [ 72.790445438881378, 21.163535797402901 ] ] ] } },
{ "type": "Feature", "properties": { "panel_id": "tile_21-P0043", "source_tile": "tile_21", "confidence": 0.5345313549041748, "class_id": 1, "x1_px": 1709.663330078125, "y1_px": 184.65782165527344, "x2_px": 1725.0, "y2_px": 202.19303894042969 }, "geometry": { "type": "Polygon", "coordinates": [ [ [ 72.790990551365709, 21.163681630012153 ], [ 72.791016319814588, 21.163681630012153 ], [ 72.791016319814588, 21.163631740563606 ], [ 72.790990551365709, 21.163631740563606 ], [ 72.790990551365709, 21.163681630012153 ] ] ] } },
{ "type": "Feature", "properties": { "panel_id": "tile_21-P0044", "source_tile": "tile_21", "confidence": 0.52140456438064575, "class_id": 1, "x1_px": 1392.328369140625, "y1_px": 265.82534790039062, "x2_px": 1428.404541015625, "y2_px": 279.61569213867188 }, "geometry": { "type": "Polygon", "coordinates": [ [ [ 72.790457369797508, 21.16345070027468 ], [ 72.790517984454766, 21.16345070027468 ], [ 72.790517984454766, 21.163411465364835 ], [ 72.790457369797508, 21.163411465364835 ], [ 72.790457369797508, 21.16345070027468 ] ] ] } },
{ "type": "Feature", "properties": { "panel_id": "tile_21-P0045", "source_tile": "tile_21", "confidence": 0.51622271537780762, "class_id": 1, "x1_px": 1506.3421630859375, "y1_px": 118.46238708496094, "x2_px": 1520.0, "y2_px": 149.77241516113281 }, "geometry": { "type": "Polygon", "coordinates": [ [ [ 72.79064893410947, 21.163869962650022 ], [ 72.79067188180764, 21.163869962650022 ], [ 72.79067188180764, 21.163780882485845 ], [ 72.79064893410947, 21.163780882485845 ], [ 72.79064893410947, 21.163869962650022 ] ] ] } },
{ "type": "Feature", "properties": { "panel_id": "tile_21-P0046", "source_tile": "tile_21", "confidence": 0.51208001375198364, "class_id": 1, "x1_px": 1506.669189453125, "y1_px": 119.91645050048828, "x2_px": 1525.2928466796875, "y2_px": 136.82916259765625 }, "geometry": { "type": "Polygon", "coordinates": [ [ [ 72.790649483574398, 21.163865825694046 ], [ 72.79068077477136, 21.163865825694046 ], [ 72.79068077477136, 21.163817707335078 ], [ 72.790649483574398, 21.163817707335078 ], [ 72.790649483574398, 21.163865825694046 ] ] ] } },
{ "type": "Feature", "properties": { "panel_id": "tile_21-P0047", "source_tile": "tile_21", "confidence": 0.50154280662536621, "class_id": 1, "x1_px": 1047.7955322265625, "y1_px": 11.859054565429688, "x2_px": 1093.9976806640625, "y2_px": 32.661811828613281 }, "geometry": { "type": "Polygon", "coordinates": [ [ [ 72.789878490755186, 21.164173259802606 ], [ 72.789956118930419, 21.164173259802606 ], [ 72.789956118930419, 21.164114073875727 ], [ 72.789878490755186, 21.164114073875727 ], [ 72.789878490755186, 21.164173259802606 ] ] ] } },
{ "type": "Feature", "properties": { "panel_id": "tile_21-P0048", "source_tile": "tile_21", "confidence": 0.49951279163360596, "class_id": 1, "x1_px": 1115.4952392578125, "y1_px": 16.354354858398438, "x2_px": 1133.02880859375, "y2_px": 36.236251831054688 }, "geometry": { "type": "Polygon", "coordinates": [ [ [ 72.789992238814506, 21.164160470223269 ], [ 72.7900216984617, 21.164160470223269 ], [ 72.7900216984617, 21.164103904236097 ], [ 72.789992238814506, 21.164103904236097 ], [ 72.789992238814506, 21.164160470223269 ] ] ] } },
{ "type": "Feature", "properties": { "panel_id": "tile_21-P0049", "source_tile": "tile_21", "confidence": 0.49552547931671143, "class_id": 1, "x1_px": 1115.2987060546875, "y1_px": 130.6904296875, "x2_px": 1155.664306640625, "y2_px": 147.1358642578125 }, "geometry": { "type": "Polygon", "coordinates": [ [ [ 72.789991908602289, 21.163835172644728 ], [ 72.790059730295042, 21.163835172644728 ], [ 72.790059730295042, 21.163788383737096 ], [ 72.789991908602289, 21.163788383737096 ], [ 72.789991908602289, 21.163835172644728 ] ] ] } },
{ "type": "Feature", "properties": { "panel_id": "tile_21-P0050", "source_tile": "tile_21", "confidence": 0.47636649012565613, "class_id": 1, "x1_px": 1545.85693359375, "y1_px": 225.64114379882812, "x2_px": 1564.5904541015625, "y2_px": 241.21029663085938 }, "geometry": { "type": "Polygon", "coordinates": [ [ [ 72.790715326249952, 21.163565028358004 ], [ 72.790746802037589, 21.163565028358004 ], [ 72.790746802037589, 21.16352073255964 ], [ 72.790715326249952, 21.16352073255964 ], [ 72.790715326249952, 21.163565028358004 ] ] ] } },
{ "type": "Feature", "properties": { "panel_id": "tile_21-P0051", "source_tile": "tile_21", "confidence": 0.4675883948802948, "class_id": 1, "x1_px": 1491.410888671875, "y1_px": 309.99395751953125, "x2_px": 1505.8636474609375, "y2_px": 319.9697265625 }, "geometry": { "type": "Polygon", "coordinates": [ [ [ 72.790623846800187, 21.163325036158799 ], [ 72.790648130114505, 21.163325036158799 ], [ 72.790648130114505, 21.163296654097241 ], [ 72.790623846800187, 21.163296654097241 ], [ 72.790623846800187, 21.163325036158799 ] ] ] } },
{ "type": "Feature", "properties": { "panel_id": "tile_21-P0052", "source_tile": "tile_21", "confidence": 0.46251332759857178, "class_id": 1, "x1_px": 1587.92041015625, "y1_px": 206.76541137695312, "x2_px": 1618.798095703125, "y2_px": 225.61337280273438 }, "geometry": { "type": "Polygon", "coordinates": [ [ [ 72.790786000689138, 21.163618731706304 ], [ 72.790837880925565, 21.163618731706304 ], [ 72.790837880925565, 21.163565107369266 ], [ 72.790786000689138, 21.163565107369266 ], [ 72.790786000689138, 21.163618731706304 ] ] ] } },
{ "type": "Feature", "properties": { "panel_id": "tile_21-P0053", "source_tile": "tile_21", "confidence": 0.4498712420463562, "class_id": 1, "x1_px": 1140.53564453125, "y1_px": 111.22731018066406, "x2_px": 1152.52490234375, "y2_px": 120.50950622558594 }, "geometry": { "type": "Polygon", "coordinates": [ [ [ 72.790034311337848, 21.163890547168087 ], [ 72.790054455513783, 21.163890547168087 ], [ 72.790054455513783, 21.163864138391141 ], [ 72.790034311337848, 21.163864138391141 ], [ 72.790034311337848, 21.163890547168087 ] ] ] } },
{ "type": "Feature", "properties": { "panel_id": "tile_21-P0054", "source_tile": "tile_21", "confidence": 0.44191521406173706, "class_id": 1, "x1_px": 1603.1611328125, "y1_px": 277.75656127929688, "x2_px": 1621.89892578125, "y2_px": 290.74871826171875 }, "geometry": { "type": "Polygon", "coordinates": [ [ [ 72.790811607928816, 21.163416754778236 ], [ 72.790843090894995, 21.163416754778236 ], [ 72.790843090894995, 21.163379790791037 ], [ 72.790811607928816, 21.163379790791037 ], [ 72.790811607928816, 21.163416754778236 ] ] ] } },
{ "type": "Feature", "properties": { "panel_id": "tile_21-P0055", "source_tile": "tile_21", "confidence": 0.43948844075202942, "class_id": 1, "x1_px": 1600.135009765625, "y1_px": 263.92330932617188, "x2_px": 1618.7301025390625, "y2_px": 280.50445556640625 }, "geometry": { "type": "Polygon", "coordinates": [ [ [ 72.790806523481066, 21.163456111764827 ], [ 72.790837766684447, 21.163456111764827 ], [ 72.790837766684447, 21.163408936743913 ], [ 72.790806523481066, 21.163408936743913 ], [ 72.790806523481066, 21.163456111764827 ] ] ] } },
{ "type": "Feature", "properties": { "panel_id": "tile_21-P0056", "source_tile": "tile_21", "confidence": 0.42217543721199036, "class_id": 1, "x1_px": 1487.440673828125, "y1_px": 208.93441772460938, "x2_px": 1506.7027587890625, "y2_px": 227.74221801757812 }, "geometry": { "type": "Polygon", "coordinates": [ [ [ 72.790617176103183, 21.163612560666117 ], [ 72.790649539977096, 21.163612560666117 ], [ 72.790649539977096, 21.163559050591523 ], [ 72.790617176103183, 21.163559050591523 ], [ 72.790617176103183, 21.163612560666117 ] ] ] } },
{ "type": "Feature", "properties": { "panel_id": "tile_21-P0057", "source_tile": "tile_21", "confidence": 0.41783919930458069, "class_id": 1, "x1_px": 1059.0428466796875, "y1_px": 2.2000079154968262, "x2_px": 1092.24267578125, "y2_px": 17.093074798583984 }, "geometry": { "type": "Polygon", "coordinates": [ [ [ 72.789897388328711, 21.164200740757249 ], [ 72.789953170196839, 21.164200740757249 ], [ 72.789953170196839, 21.164158368491091 ], [ 72.789897388328711, 21.164158368491091 ], [ 72.789897388328711, 21.164200740757249 ] ] ] } },
{ "type": "Feature", "properties": { "panel_id": "tile_21-P0058", "source_tile": "tile_21", "confidence": 0.40768662095069885, "class_id": 1, "x1_px": 1142.363525390625, "y1_px": 121.54486083984375, "x2_px": 1153.5650634765625, "y2_px": 131.16775512695312 }, "geometry": { "type": "Polygon", "coordinates": [ [ [ 72.790037382516573, 21.163861192703617 ], [ 72.790056203177329, 21.163861192703617 ], [ 72.790056203177329, 21.163833814606068 ], [ 72.790037382516573, 21.163833814606068 ], [ 72.790037382516573, 21.163861192703617 ] ] ] } },
{ "type": "Feature", "properties": { "panel_id": "tile_21-P0059", "source_tile": "tile_21", "confidence": 0.39415401220321655, "class_id": 1, "x1_px": 1300.402587890625, "y1_px": 89.974273681640625, "x2_px": 1320.771728515625, "y2_px": 102.89083862304688 }, "geometry": { "type": "Polygon", "coordinates": [ [ [ 72.790302917441991, 21.16395101418447 ], [ 72.790337141374664, 21.16395101418447 ], [ 72.790337141374664, 21.163914265264193 ], [ 72.790302917441991, 21.163914265264193 ], [ 72.790302917441991, 21.16395101418447 ] ] ] } },
{ "type": "Feature", "properties": { "panel_id": "tile_21-P0060", "source_tile": "tile_21", "confidence": 0.36573302745819092, "class_id": 1, "x1_px": 1608.2135009765625, "y1_px": 312.61111450195312, "x2_px": 1639.7178955078125, "y2_px": 319.99313354492188 }, "geometry": { "type": "Polygon", "coordinates": [ [ [ 72.790820096844044, 21.163317590085192 ], [ 72.790873030067758, 21.163317590085192 ], [ 72.790873030067758, 21.163296587502035 ], [ 72.790820096844044, 21.163296587502035 ], [ 72.790820096844044, 21.163317590085192 ] ] ] } },
{ "type": "Feature", "properties": { "panel_id": "tile_21-P0061", "source_tile": "tile_21", "confidence": 0.36460530757904053, "class_id": 1, "x1_px": 1406.0, "y1_px": 220.02017211914062, "x2_px": 1411.7421875, "y2_px": 231.67153930664062 }, "geometry": { "type": "Polygon", "coordinates": [ [ [ 72.790480340672062, 21.16358102058512 ], [ 72.790489988611668, 21.16358102058512 ], [ 72.790489988611668, 21.163547871279107 ], [ 72.790480340672062, 21.163547871279107 ], [ 72.790480340672062, 21.16358102058512 ] ] ] } },
{ "type": "Feature", "properties": { "panel_id": "tile_21-P0062", "source_tile": "tile_21", "confidence": 0.35248655080795288, "class_id": 1, "x1_px": 1541.775634765625, "y1_px": 271.78216552734375, "x2_px": 1557.845458984375, "y2_px": 288.53167724609375 }, "geometry": { "type": "Polygon", "coordinates": [ [ [ 72.790708468911248, 21.163433752532221 ], [ 72.790735469195269, 21.163433752532221 ], [ 72.790735469195269, 21.163386098494666 ], [ 72.790708468911248, 21.163386098494666 ], [ 72.790708468911248, 21.163433752532221 ] ] ] } },
{ "type": "Feature", "properties": { "panel_id": "tile_21-P0063", "source_tile": "tile_21", "confidence": 0.34075701236724854, "class_id": 1, "x1_px": 1717.80029296875, "y1_px": 367.41378784179688, "x2_px": 1725.0, "y2_px": 376.933349609375 }, "geometry": { "type": "Polygon", "coordinates": [ [ [ 72.791004222971964, 21.163161670993496 ], [ 72.791016319814588, 21.163161670993496 ], [ 72.791016319814588, 21.16313458688731 ], [ 72.791004222971964, 21.16313458688731 ], [ 72.791004222971964, 21.163161670993496 ] ] ] } },
{ "type": "Feature", "properties": { "panel_id": "tile_21-P0064", "source_tile": "tile_21", "confidence": 0.33026179671287537, "class_id": 1, "x1_px": 1688.5308837890625, "y1_px": 108.99929809570312, "x2_px": 1724.84716796875, "y2_px": 121.43817138671875 }, "geometry": { "type": "Polygon", "coordinates": [ [ [ 72.790955044937988, 21.163896886085503 ], [ 72.791016063028451, 21.163896886085503 ], [ 72.791016063028451, 21.163861496245794 ], [ 72.790955044937988, 21.163861496245794 ], [ 72.790955044937988, 21.163896886085503 ] ] ] } },
{ "type": "Feature", "properties": { "panel_id": "tile_21-P0065", "source_tile": "tile_21", "confidence": 0.31817638874053955, "class_id": 1, "x1_px": 1600.60107421875, "y1_px": 260.70782470703125, "x2_px": 1638.2056884765625, "y2_px": 288.30841064453125 }, "geometry": { "type": "Polygon", "coordinates": [ [ [ 72.790807306555749, 21.163465260140455 ], [ 72.790870489279584, 21.163465260140455 ], [ 72.790870489279584, 21.163386733710496 ], [ 72.790807306555749, 21.163386733710496 ], [ 72.790807306555749, 21.163465260140455 ] ] ] } },
{ "type": "Feature", "properties": { "panel_id": "tile_21-P0066", "source_tile": "tile_21", "confidence": 0.31260952353477478, "class_id": 1, "x1_px": 1471.58154296875, "y1_px": 206.0260009765625, "x2_px": 1507.034423828125, "y2_px": 230.23211669921875 }, "geometry": { "type": "Polygon", "coordinates": [ [ [ 72.790590529823064, 21.163620835402913 ], [ 72.790650097235854, 21.163620835402913 ], [ 72.790650097235854, 21.163551966580521 ], [ 72.790590529823064, 21.163551966580521 ], [ 72.790590529823064, 21.163620835402913 ] ] ] } },
{ "type": "Feature", "properties": { "panel_id": "tile_21-P0067", "source_tile": "tile_21", "confidence": 0.30822336673736572, "class_id": 1, "x1_px": 1419.96826171875, "y1_px": 62.566017150878906, "x2_px": 1436.55224609375, "y2_px": 70.243919372558594 }, "geometry": { "type": "Polygon", "coordinates": [ [ [ 72.79050380994147, 21.164028993418011 ], [ 72.790531674109886, 21.164028993418011 ], [ 72.790531674109886, 21.164007149017593 ], [ 72.79050380994147, 21.164007149017593 ], [ 72.79050380994147, 21.164028993418011 ] ] ] } },
{ "type": "Feature", "properties": { "panel_id": "tile_21-P0068", "source_tile": "tile_21", "confidence": 0.28936278820037842, "class_id": 1, "x1_px": 473.64239501953125, "y1_px": 67.094589233398438, "x2_px": 499.01620483398438, "y2_px": 77.965652465820312 }, "geometry": { "type": "Polygon", "coordinates": [ [ [ 72.788913807036806, 21.164016109177105 ], [ 72.788956439741597, 21.164016109177105 ], [ 72.788956439741597, 21.163985179913954 ], [ 72.788913807036806, 21.163985179913954 ], [ 72.788913807036806, 21.164016109177105 ] ] ] } },
{ "type": "Feature", "properties": { "panel_id": "tile_21-P0069", "source_tile": "tile_21", "confidence": 0.27423688769340515, "class_id": 1, "x1_px": 1418.63134765625, "y1_px": 240.0, "x2_px": 1435.129150390625, "y2_px": 247.44361877441406 }, "geometry": { "type": "Polygon", "coordinates": [ [ [ 72.790501563677978, 21.163524175974711 ], [ 72.790529283045259, 21.163524175974711 ], [ 72.790529283045259, 21.163502998134152 ], [ 72.790501563677978, 21.163502998134152 ], [ 72.790501563677978, 21.163524175974711 ] ] ] } },
{ "type": "Feature", "properties": { "panel_id": "tile_21-P0070", "source_tile": "tile_21", "confidence": 0.26268553733825684, "class_id": 1, "x1_px": 1388.2144775390625, "y1_px": 240.01945495605469, "x2_px": 1435.3505859375, "y2_px": 249.41909790039062 }, "geometry": { "type": "Polygon", "coordinates": [ [ [ 72.790450457696906, 21.163524120623414 ], [ 72.790529655098027, 21.163524120623414 ], [ 72.790529655098027, 21.163497377698285 ], [ 72.790450457696906, 21.163497377698285 ], [ 72.790450457696906, 21.163524120623414 ] ] ] } },
{ "type": "Feature", "properties": { "panel_id": "tile_21-P0071", "source_tile": "tile_21", "confidence": 0.25904086232185364, "class_id": 1, "x1_px": 1299.5546875, "y1_px": 80.423782348632812, "x2_px": 1319.3963623046875, "y2_px": 92.621749877929688 }, "geometry": { "type": "Polygon", "coordinates": [ [ [ 72.790301492812134, 21.163978186288368 ], [ 72.790334830504449, 21.163978186288368 ], [ 72.790334830504449, 21.163943481849664 ], [ 72.790301492812134, 21.163943481849664 ], [ 72.790301492812134, 21.163978186288368 ] ] ] } },
{ "type": "Feature", "properties": { "panel_id": "tile_22-P0001", "source_tile": "tile_22", "confidence": 0.8635825514793396, "class_id": 1, "x1_px": 1138.6180419921875, "y1_px": 679.8031005859375, "x2_px": 1167.6998291015625, "y2_px": 701.2392578125 }, "geometry": { "type": "Polygon", "coordinates": [ [ [ 72.792928875186206, 21.162274928029916 ], [ 72.792977681426137, 21.162274928029916 ], [ 72.792977681426137, 21.16221400421464 ], [ 72.792928875186206, 21.16221400421464 ], [ 72.792928875186206, 21.162274928029916 ] ] ] } },
{ "type": "Feature", "properties": { "panel_id": "tile_22-P0002", "source_tile": "tile_22", "confidence": 0.85577738285064697, "class_id": 1, "x1_px": 614.4154052734375, "y1_px": 365.95321655273438, "x2_px": 644.513671875, "y2_px": 402.6048583984375 }, "geometry": { "type": "Polygon", "coordinates": [ [ [ 72.792049136964849, 21.163166922437167 ], [ 72.792099649102084, 21.163166922437167 ], [ 72.792099649102084, 21.163062754612977 ], [ 72.792049136964849, 21.163062754612977 ], [ 72.792049136964849, 21.163166922437167 ] ] ] } },
{ "type": "Feature", "properties": { "panel_id": "tile_22-P0003", "source_tile": "tile_22", "confidence": 0.85144138336181641, "class_id": 1, "x1_px": 1136.11669921875, "y1_px": 727.0400390625, "x2_px": 1159.7991943359375, "y2_px": 750.3292236328125 }, "geometry": { "type": "Polygon", "coordinates": [ [ [ 72.792924677330845, 21.162140675678458 ], [ 72.792964422259004, 21.162140675678458 ], [ 72.792964422259004, 21.162074485364414 ], [ 72.792924677330845, 21.162074485364414 ], [ 72.792924677330845, 21.162140675678458 ] ] ] } },
{ "type": "Feature", "properties": { "panel_id": "tile_22-P0004", "source_tile": "tile_22", "confidence": 0.83775234222412109, "class_id": 1, "x1_px": 629.042724609375, "y1_px": 164.03475952148438, "x2_px": 661.85931396484375, "y2_px": 191.76046752929688 }, "geometry": { "type": "Polygon", "coordinates": [ [ [ 72.792073685128088, 21.163740795946623 ], [ 72.792128759265324, 21.163740795946623 ], [ 72.792128759265324, 21.16366199656597 ], [ 72.792073685128088, 21.16366199656597 ], [ 72.792073685128088, 21.163740795946623 ] ] ] } },
{ "type": "Feature", "properties": { "panel_id": "tile_22-P0005", "source_tile": "tile_22", "confidence": 0.83654606342315674, "class_id": 1, "x1_px": 635.42138671875, "y1_px": 190.62570190429688, "x2_px": 669.3326416015625, "y2_px": 221.44772338867188 }, "geometry": { "type": "Polygon", "coordinates": [ [ [ 72.792084390058719, 21.163665221689325 ], [ 72.792141301308234, 21.163665221689325 ], [ 72.792141301308234, 21.163577622259844 ], [ 72.792084390058719, 21.163577622259844 ], [ 72.792084390058719, 21.163665221689325 ] ] ] } },
{ "type": "Feature", "properties": { "panel_id": "tile_22-P0006", "source_tile": "tile_22", "confidence": 0.81898021697998047, "class_id": 1, "x1_px": 770.39373779296875, "y1_px": 212.50344848632812, "x2_px": 801.96759033203125, "y2_px": 230.86984252929688 }, "geometry": { "type": "Polygon", "coordinates": [ [ [ 72.792310906157155, 21.163603042830619 ], [ 72.792363894682836, 21.163603042830619 ], [ 72.792363894682836, 21.163550843605446 ], [ 72.792310906157155, 21.163550843605446 ], [ 72.792310906157155, 21.163603042830619 ] ] ] } },
{ "type": "Feature", "properties": { "panel_id": "tile_22-P0007", "source_tile": "tile_22", "confidence": 0.80203014612197876, "class_id": 1, "x1_px": 23.085166931152344, "y1_px": 145.63497924804688, "x2_px": 82.034759521484375, "y2_px": 167.04037475585938 }, "geometry": { "type": "Polygon", "coordinates": [ [ [ 72.791056742467632, 21.163793090058981 ], [ 72.791155674075569, 21.163793090058981 ], [ 72.791155674075569, 21.16373225367175 ], [ 72.791056742467632, 21.16373225367175 ], [ 72.791056742467632, 21.163793090058981 ] ] ] } },
{ "type": "Feature", "properties": { "panel_id": "tile_22-P0008", "source_tile": "tile_22", "confidence": 0.7992548942565918, "class_id": 1, "x1_px": 783.392822265625, "y1_px": 89.504928588867188, "x2_px": 799.92431640625, "y2_px": 105.74946594238281 }, "geometry": { "type": "Polygon", "coordinates": [ [ [ 72.792332721750313, 21.163952617571379 ], [ 72.792360465577289, 21.163952617571379 ], [ 72.792360465577289, 21.163906448886269 ], [ 72.792332721750313, 21.163906448886269 ], [ 72.792332721750313, 21.163952617571379 ] ] ] } },
{ "type": "Feature", "properties": { "panel_id": "tile_22-P0009", "source_tile": "tile_22", "confidence": 0.79767245054244995, "class_id": 1, "x1_px": 837.2940673828125, "y1_px": 195.69123840332031, "x2_px": 865.762451171875, "y2_px": 214.89875793457031 }, "geometry": { "type": "Polygon", "coordinates": [ [ [ 72.792423181015849, 21.163650824901381 ], [ 72.792470957817343, 21.163650824901381 ], [ 72.792470957817343, 21.163596235109029 ], [ 72.792423181015849, 21.163596235109029 ], [ 72.792423181015849, 21.163650824901381 ] ] ] } },
{ "type": "Feature", "properties": { "panel_id": "tile_22-P0010", "source_tile": "tile_22", "confidence": 0.7974250316619873, "class_id": 1, "x1_px": 1266.1962890625, "y1_px": 743.205810546875, "x2_px": 1285.1717529296875, "y2_px": 758.1971435546875 }, "geometry": { "type": "Polygon", "coordinates": [ [ [ 72.793142982198063, 21.162094730854239 ], [ 72.793174827594598, 21.162094730854239 ], [ 72.793174827594598, 21.162052123907795 ], [ 72.793142982198063, 21.162052123907795 ], [ 72.793142982198063, 21.162094730854239 ] ] ] } },
{ "type": "Feature", "properties": { "panel_id": "tile_22-P0011", "source_tile": "tile_22", "confidence": 0.79645287990570068, "class_id": 1, "x1_px": 1375.192138671875, "y1_px": 810.09619140625, "x2_px": 1396.7965087890625, "y2_px": 825.6107177734375 }, "geometry": { "type": "Polygon", "coordinates": [ [ [ 72.793325903473459, 21.161904621350743 ], [ 72.793362160807561, 21.161904621350743 ], [ 72.793362160807561, 21.161860527433699 ], [ 72.793325903473459, 21.161860527433699 ], [ 72.793325903473459, 21.161904621350743 ] ] ] } },
{ "type": "Feature", "properties": { "panel_id": "tile_22-P0012", "source_tile": "tile_22", "confidence": 0.78860819339752197, "class_id": 1, "x1_px": 1448.1021728515625, "y1_px": 342.650146484375, "x2_px": 1470.2174072265625, "y2_px": 396.91220092773438 }, "geometry": { "type": "Polygon", "coordinates": [ [ [ 72.79344826406323, 21.163233152215255 ], [ 72.793485378750546, 21.163233152215255 ], [ 72.793485378750546, 21.163078933744735 ], [ 72.79344826406323, 21.163078933744735 ], [ 72.79344826406323, 21.163233152215255 ] ] ] } },
{ "type": "Feature", "properties": { "panel_id": "tile_22-P0013", "source_tile": "tile_22", "confidence": 0.78355079889297485, "class_id": 1, "x1_px": 1403.8321533203125, "y1_px": 854.9034423828125, "x2_px": 1423.001220703125, "y2_px": 870.31884765625 }, "geometry": { "type": "Polygon", "coordinates": [ [ [ 72.793373968312849, 21.161777274426914 ], [ 72.7934061386227, 21.161777274426914 ], [ 72.7934061386227, 21.161733462222454 ], [ 72.793373968312849, 21.161733462222454 ], [ 72.793373968312849, 21.161777274426914 ] ] ] } },
{ "type": "Feature", "properties": { "panel_id": "tile_22-P0014", "source_tile": "tile_22", "confidence": 0.78341549634933472, "class_id": 1, "x1_px": 165.44880676269531, "y1_px": 62.642204284667969, "x2_px": 190.60063171386719, "y2_px": 78.671134948730469 }, "geometry": { "type": "Polygon", "coordinates": [ [ [ 72.791295662927993, 21.164028964261508 ], [ 72.791337873745334, 21.164028964261508 ], [ 72.791337873745334, 21.163983408353303 ], [ 72.791295662927993, 21.163983408353303 ], [ 72.791295662927993, 21.164028964261508 ] ] ] } },
{ "type": "Feature", "properties": { "panel_id": "tile_22-P0015", "source_tile": "tile_22", "confidence": 0.78223490715026855, "class_id": 1, "x1_px": 397.67031860351562, "y1_px": 330.80010986328125, "x2_px": 436.00091552734375, "y2_px": 350.55368041992188 }, "geometry": { "type": "Polygon", "coordinates": [ [ [ 72.791685386530048, 21.163266831266707 ], [ 72.791749714499417, 21.163266831266707 ], [ 72.791749714499417, 21.163210689539863 ], [ 72.791685386530048, 21.163210689539863 ], [ 72.791685386530048, 21.163266831266707 ] ] ] } },
{ "type": "Feature", "properties": { "panel_id": "tile_22-P0016", "source_tile": "tile_22", "confidence": 0.77839982509613037, "class_id": 1, "x1_px": 801.52520751953125, "y1_px": 80.989547729492188, "x2_px": 819.57489013671875, "y2_px": 104.94612121582031 }, "geometry": { "type": "Polygon", "coordinates": [ [ [ 72.792363152257977, 21.163976819180139 ], [ 72.792393443970695, 21.163976819180139 ], [ 72.792393443970695, 21.163908732076546 ], [ 72.792363152257977, 21.163908732076546 ], [ 72.792363152257977, 21.163976819180139 ] ] ] } },
{ "type": "Feature", "properties": { "panel_id": "tile_22-P0017", "source_tile": "tile_22", "confidence": 0.777851402759552, "class_id": 1, "x1_px": 1218.365478515625, "y1_px": 748.76239013671875, "x2_px": 1246.2830810546875, "y2_px": 766.456298828125 }, "geometry": { "type": "Polygon", "coordinates": [ [ [ 72.793062710583143, 21.162078938470142 ], [ 72.793109563041114, 21.162078938470142 ], [ 72.793109563041114, 21.162028650519122 ], [ 72.793062710583143, 21.162028650519122 ], [ 72.793062710583143, 21.162078938470142 ] ] ] } },
{ "type": "Feature", "properties": { "panel_id": "tile_22-P0018", "source_tile": "tile_22", "confidence": 0.77661186456680298, "class_id": 1, "x1_px": 1368.5234375, "y1_px": 763.1307373046875, "x2_px": 1390.354248046875, "y2_px": 780.8712158203125 }, "geometry": { "type": "Polygon", "coordinates": [ [ [ 72.79331471178746, 21.162038102115034 ], [ 72.793351349143123, 21.162038102115034 ], [ 72.793351349143123, 21.161987681807673 ], [ 72.79331471178746, 21.161987681807673 ], [ 72.79331471178746, 21.162038102115034 ] ] ] } },
{ "type": "Feature", "properties": { "panel_id": "tile_22-P0019", "source_tile": "tile_22", "confidence": 0.7763703465461731, "class_id": 1, "x1_px": 1148.759521484375, "y1_px": 629.2330322265625, "x2_px": 1172.2518310546875, "y2_px": 644.1953125 }, "geometry": { "type": "Polygon", "coordinates": [ [ [ 72.792945895030257, 21.162418653487357 ], [ 72.79298532078127, 21.162418653487357 ], [ 72.79298532078127, 21.162376129111845 ], [ 72.792945895030257, 21.162376129111845 ], [ 72.792945895030257, 21.162418653487357 ] ] ] } },
{ "type": "Feature", "properties": { "panel_id": "tile_22-P0020", "source_tile": "tile_22", "confidence": 0.77192717790603638, "class_id": 1, "x1_px": 1230.989013671875, "y1_px": 552.5479736328125, "x2_px": 1262.64306640625, "y2_px": 570.11474609375 }, "geometry": { "type": "Polygon", "coordinates": [ [ [ 72.793083895914137, 21.162636600495993 ], [ 72.793137019035044, 21.162636600495993 ], [ 72.793137019035044, 21.162586673879527 ], [ 72.793083895914137, 21.162586673879527 ], [ 72.793083895914137, 21.162636600495993 ] ] ] } },
{ "type": "Feature", "properties": { "panel_id": "tile_22-P0021", "source_tile": "tile_22", "confidence": 0.76354092359542847, "class_id": 1, "x1_px": 1605.43798828125, "y1_px": 366.24505615234375, "x2_px": 1631.2890625, "y2_px": 384.1866455078125 }, "geometry": { "type": "Polygon", "coordinates": [ [ [ 72.793712311438654, 21.163166092998306 ], [ 72.793755695764602, 21.163166092998306 ], [ 72.793755695764602, 21.163115101112769 ], [ 72.793712311438654, 21.163115101112769 ], [ 72.793712311438654, 21.163166092998306 ] ] ] } },
{ "type": "Feature", "properties": { "panel_id": "tile_22-P0022", "source_tile": "tile_22", "confidence": 0.7619483470916748, "class_id": 1, "x1_px": 1257.987548828125, "y1_px": 847.4808349609375, "x2_px": 1278.9609375, "y2_px": 870.29498291015625 }, "geometry": { "type": "Polygon", "coordinates": [ [ [ 72.793129205955779, 21.161798370258534 ], [ 72.793164404351117, 21.161798370258534 ], [ 72.793164404351117, 21.161733530048576 ], [ 72.793129205955779, 21.161733530048576 ], [ 72.793129205955779, 21.161798370258534 ] ] ] } },
{ "type": "Feature", "properties": { "panel_id": "tile_22-P0023", "source_tile": "tile_22", "confidence": 0.75798946619033813, "class_id": 1, "x1_px": 94.515975952148438, "y1_px": 1.5621604919433594, "x2_px": 133.98817443847656, "y2_px": 16.995510101318359 }, "geometry": { "type": "Polygon", "coordinates": [ [ [ 72.791176620561473, 21.164202560175443 ], [ 72.791242864413107, 21.164202560175443 ], [ 72.791242864413107, 21.164158696971292 ], [ 72.791176620561473, 21.164158696971292 ], [ 72.791176620561473, 21.164202560175443 ] ] ] } },
{ "type": "Feature", "properties": { "panel_id": "tile_22-P0024", "source_tile": "tile_22", "confidence": 0.75474518537521362, "class_id": 1, "x1_px": 1372.140380859375, "y1_px": 611.0623779296875, "x2_px": 1394.95751953125, "y2_px": 628.0386962890625 }, "geometry": { "type": "Polygon", "coordinates": [ [ [ 72.793320781889165, 21.162470296399572 ], [ 72.793359074540874, 21.162470296399572 ], [ 72.793359074540874, 21.162422047915815 ], [ 72.793320781889165, 21.162422047915815 ], [ 72.793320781889165, 21.162470296399572 ] ] ] } },
{ "type": "Feature", "properties": { "panel_id": "tile_22-P0025", "source_tile": "tile_22", "confidence": 0.7536577582359314, "class_id": 1, "x1_px": 481.81964111328125, "y1_px": 668.1832275390625, "x2_px": 504.49542236328125, "y2_px": 686.178466796875 }, "geometry": { "type": "Polygon", "coordinates": [ [ [ 72.791826609351389, 21.16230795293226 ], [ 72.79186466477131, 21.16230795293226 ], [ 72.79186466477131, 21.162256808568053 ], [ 72.791826609351389, 21.162256808568053 ], [ 72.791826609351389, 21.16230795293226 ] ] ] } },
{ "type": "Feature", "properties": { "panel_id": "tile_22-P0026", "source_tile": "tile_22", "confidence": 0.74987119436264038, "class_id": 1, "x1_px": 849.22576904296875, "y1_px": 252.61764526367188, "x2_px": 886.97021484375, "y2_px": 271.15017700195312 }, "geometry": { "type": "Polygon", "coordinates": [ [ [ 72.792443205283675, 21.163489034060831 ], [ 72.792506549550353, 21.163489034060831 ], [ 72.792506549550353, 21.163436362654839 ], [ 72.792443205283675, 21.163436362654839 ], [ 72.792443205283675, 21.163489034060831 ] ] ] } },
{ "type": "Feature", "properties": { "panel_id": "tile_22-P0027", "source_tile": "tile_22", "confidence": 0.74391525983810425, "class_id": 1, "x1_px": 1266.16796875, "y1_px": 713.4693603515625, "x2_px": 1280.0, "y2_px": 728.898193359375 }, "geometry": { "type": "Polygon", "coordinates": [ [ [ 72.79314293466976, 21.162179244975846 ], [ 72.793166148148131, 21.162179244975846 ], [ 72.793166148148131, 21.162135394608349 ], [ 72.79314293466976, 21.162135394608349 ], [ 72.79314293466976, 21.162179244975846 ] ] ] } },
{ "type": "Feature", "properties": { "panel_id": "tile_22-P0028", "source_tile": "tile_22", "confidence": 0.74241042137145996, "class_id": 1, "x1_px": 1170.601806640625, "y1_px": 863.43267822265625, "x2_px": 1189.934326171875, "y2_px": 877.7235107421875 }, "geometry": { "type": "Polygon", "coordinates": [ [ [ 72.792982551643078, 21.161753033440846 ], [ 72.793014996264972, 21.161753033440846 ], [ 72.793014996264972, 21.161712417390525 ], [ 72.792982551643078, 21.161712417390525 ], [ 72.792982551643078, 21.161753033440846 ] ] ] } },
{ "type": "Feature", "properties": { "panel_id": "tile_22-P0029", "source_tile": "tile_22", "confidence": 0.73429858684539795, "class_id": 1, "x1_px": 881.53485107421875, "y1_px": 56.761627197265625, "x2_px": 903.6956787109375, "y2_px": 87.091339111328125 }, "geometry": { "type": "Polygon", "coordinates": [ [ [ 72.792497427701434, 21.164045677480598 ], [ 72.792534618905236, 21.164045677480598 ], [ 72.792534618905236, 21.163959477246738 ], [ 72.792497427701434, 21.163959477246738 ], [ 72.792497427701434, 21.164045677480598 ] ] ] } },
{ "type": "Feature", "properties": { "panel_id": "tile_22-P0030", "source_tile": "tile_22", "confidence": 0.73093199729919434, "class_id": 1, "x1_px": 1510.70263671875, "y1_px": 353.8106689453125, "x2_px": 1598.9832763671875, "y2_px": 391.32135009765625 }, "geometry": { "type": "Polygon", "coordinates": [ [ [ 72.793553322712071, 21.163201432835631 ], [ 72.793701478878148, 21.163201432835631 ], [ 72.793701478878148, 21.163094823531303 ], [ 72.793553322712071, 21.163094823531303 ], [ 72.793553322712071, 21.163201432835631 ] ] ] } },
{ "type": "Feature", "properties": { "panel_id": "tile_22-P0031", "source_tile": "tile_22", "confidence": 0.72306907176971436, "class_id": 1, "x1_px": 1138.148193359375, "y1_px": 777.2972412109375, "x2_px": 1161.134521484375, "y2_px": 818.8431396484375 }, "geometry": { "type": "Polygon", "coordinates": [ [ [ 72.792928086667089, 21.161997839419719 ], [ 72.792966663259421, 21.161997839419719 ], [ 72.792966663259421, 21.161879761603107 ], [ 72.792928086667089, 21.161879761603107 ], [ 72.792928086667089, 21.161997839419719 ] ] ] } },
{ "type": "Feature", "properties": { "panel_id": "tile_22-P0032", "source_tile": "tile_22", "confidence": 0.71213722229003906, "class_id": 1, "x1_px": 764.17962646484375, "y1_px": 146.70013427734375, "x2_px": 780.094482421875, "y2_px": 168.99114990234375 }, "geometry": { "type": "Polygon", "coordinates": [ [ [ 72.792300477382355, 21.163790062776265 ], [ 72.792327186342007, 21.163790062776265 ], [ 72.792327186342007, 21.163726709363438 ], [ 72.792300477382355, 21.163726709363438 ], [ 72.792300477382355, 21.163790062776265 ] ] ] } },
{ "type": "Feature", "properties": { "panel_id": "tile_22-P0033", "source_tile": "tile_22", "confidence": 0.70621794462203979, "class_id": 1, "x1_px": 1463.841064453125, "y1_px": 284.10629272460938, "x2_px": 1491.93017578125, "y2_px": 295.38333129882812 }, "geometry": { "type": "Polygon", "coordinates": [ [ [ 72.793474677712325, 21.163399540010154 ], [ 72.793521818003327, 21.163399540010154 ], [ 72.793521818003327, 21.163367489479469 ], [ 72.793474677712325, 21.163367489479469 ], [ 72.793474677712325, 21.163399540010154 ] ] ] } },
{ "type": "Feature", "properties": { "panel_id": "tile_22-P0034", "source_tile": "tile_22", "confidence": 0.70597302913665771, "class_id": 1, "x1_px": 1311.6278076171875, "y1_px": 765.86126708984375, "x2_px": 1339.0263671875, "y2_px": 786.4923095703125 }, "geometry": { "type": "Polygon", "coordinates": [ [ [ 72.793219227223418, 21.162030341661957 ], [ 72.793265208602335, 21.162030341661957 ], [ 72.793265208602335, 21.16197170606754 ], [ 72.793219227223418, 21.16197170606754 ], [ 72.793219227223418, 21.162030341661957 ] ] ] } },
{ "type": "Feature", "properties": { "panel_id": "tile_22-P0035", "source_tile": "tile_22", "confidence": 0.70322126150131226, "class_id": 1, "x1_px": 256.49618530273438, "y1_px": 59.982715606689453, "x2_px": 291.18341064453125, "y2_px": 81.433670043945312 }, "geometry": { "type": "Polygon", "coordinates": [ [ [ 72.791448462348001, 21.164036522808278 ], [ 72.791506675862749, 21.164036522808278 ], [ 72.791506675862749, 21.163975556937771 ], [ 72.791448462348001, 21.163975556937771 ], [ 72.791448462348001, 21.164036522808278 ] ] ] } },
{ "type": "Feature", "properties": { "panel_id": "tile_22-P0036", "source_tile": "tile_22", "confidence": 0.70031428337097168, "class_id": 1, "x1_px": 546.58013916015625, "y1_px": 332.95956420898438, "x2_px": 566.5107421875, "y2_px": 356.9429931640625 }, "geometry": { "type": "Polygon", "coordinates": [ [ [ 72.791935293057605, 21.163260693870146 ], [ 72.791968741407587, 21.163260693870146 ], [ 72.791968741407587, 21.163192530440483 ], [ 72.791935293057605, 21.163192530440483 ], [ 72.791935293057605, 21.163260693870146 ] ] ] } },
{ "type": "Feature", "properties": { "panel_id": "tile_22-P0037", "source_tile": "tile_22", "confidence": 0.69824957847595215, "class_id": 1, "x1_px": 834.98736572265625, "y1_px": 64.227859497070312, "x2_px": 857.78302001953125, "y2_px": 96.083297729492188 }, "geometry": { "type": "Polygon", "coordinates": [ [ [ 72.792419309815145, 21.164024457662482 ], [ 72.792457566410903, 21.164024457662482 ], [ 72.792457566410903, 21.163933921153824 ], [ 72.792419309815145, 21.163933921153824 ], [ 72.792419309815145, 21.164024457662482 ] ] ] } },
{ "type": "Feature", "properties": { "panel_id": "tile_22-P0038", "source_tile": "tile_22", "confidence": 0.69225627183914185, "class_id": 1, "x1_px": 469.35464477539062, "y1_px": 199.77203369140625, "x2_px": 489.28570556640625, "y2_px": 231.17950439453125 }, "geometry": { "type": "Polygon", "coordinates": [ [ [ 72.791805690086704, 21.163639226851615 ], [ 72.791839139204924, 21.163639226851615 ], [ 72.791839139204924, 21.163549963513827 ], [ 72.791805690086704, 21.163549963513827 ], [ 72.791805690086704, 21.163639226851615 ] ] ] } },
{ "type": "Feature", "properties": { "panel_id": "tile_22-P0039", "source_tile": "tile_22", "confidence": 0.68503981828689575, "class_id": 1, "x1_px": 1393.582275390625, "y1_px": 838.07366943359375, "x2_px": 1413.2593994140625, "y2_px": 854.32647705078125 }, "geometry": { "type": "Polygon", "coordinates": [ [ [ 72.793356766550119, 21.161825106413193 ], [ 72.793389789501319, 21.161825106413193 ], [ 72.793389789501319, 21.161778914223124 ], [ 72.793356766550119, 21.161778914223124 ], [ 72.793356766550119, 21.161825106413193 ] ] ] } },
{ "type": "Feature", "properties": { "panel_id": "tile_22-P0040", "source_tile": "tile_22", "confidence": 0.67807739973068237, "class_id": 1, "x1_px": 1291.0084228515625, "y1_px": 773.567626953125, "x2_px": 1307.6904296875, "y2_px": 788.428955078125 }, "geometry": { "type": "Polygon", "coordinates": [ [ [ 72.793184622931861, 21.162008439376031 ], [ 72.793212619355373, 21.162008439376031 ], [ 72.793212619355373, 21.161966201917149 ], [ 72.793184622931861, 21.161966201917149 ], [ 72.793184622931861, 21.162008439376031 ] ] ] } },
{ "type": "Feature", "properties": { "panel_id": "tile_22-P0041", "source_tile": "tile_22", "confidence": 0.67769694328308105, "class_id": 1, "x1_px": 1427.0701904296875, "y1_px": 714.57745361328125, "x2_px": 1448.4559326171875, "y2_px": 739.24090576171875 }, "geometry": { "type": "Polygon", "coordinates": [ [ [ 72.793412967333467, 21.162176095658154 ], [ 72.793448857757269, 21.162176095658154 ], [ 72.793448857757269, 21.162105999530997 ], [ 72.793412967333467, 21.162105999530997 ], [ 72.793412967333467, 21.162176095658154 ] ] ] } },
{ "type": "Feature", "properties": { "panel_id": "tile_22-P0042", "source_tile": "tile_22", "confidence": 0.67637717723846436, "class_id": 1, "x1_px": 1241.633544921875, "y1_px": 720.4141845703125, "x2_px": 1265.1683349609375, "y2_px": 737.38470458984375 }, "geometry": { "type": "Polygon", "coordinates": [ [ [ 72.793101760000141, 21.162159507054383 ], [ 72.793141257043615, 21.162159507054383 ], [ 72.793141257043615, 21.162111275050115 ], [ 72.793101760000141, 21.162111275050115 ], [ 72.793101760000141, 21.162159507054383 ] ] ] } },
{ "type": "Feature", "properties": { "panel_id": "tile_22-P0043", "source_tile": "tile_22", "confidence": 0.67588245868682861, "class_id": 1, "x1_px": 711.361083984375, "y1_px": 184.56344604492188, "x2_px": 733.120849609375, "y2_px": 202.26797485351562 }, "geometry": { "type": "Polygon", "coordinates": [ [ [ 72.7922118351525, 21.163682451258612 ], [ 72.792248353277685, 21.163682451258612 ], [ 72.792248353277685, 21.163632133124104 ], [ 72.7922118351525, 21.163632133124104 ], [ 72.7922118351525, 21.163682451258612 ] ] ] } },
{ "type": "Feature", "properties": { "panel_id": "tile_22-P0044", "source_tile": "tile_22", "confidence": 0.67400383949279785, "class_id": 1, "x1_px": 158.05038452148438, "y1_px": 22.399055480957031, "x2_px": 180.07711791992188, "y2_px": 38.847396850585938 }, "geometry": { "type": "Polygon", "coordinates": [ [ [ 72.791283246594375, 21.164143339526529 ], [ 72.79132021275575, 21.164143339526529 ], [ 72.79132021275575, 21.164096591608953 ], [ 72.791283246594375, 21.164096591608953 ], [ 72.791283246594375, 21.164143339526529 ] ] ] } },
{ "type": "Feature", "properties": { "panel_id": "tile_22-P0045", "source_tile": "tile_22", "confidence": 0.67063063383102417, "class_id": 1, "x1_px": 493.55526733398438, "y1_px": 242.9952392578125, "x2_px": 513.4141845703125, "y2_px": 259.888427734375 }, "geometry": { "type": "Polygon", "coordinates": [ [ [ 72.791846304557424, 21.163516381951585 ], [ 72.791879632601407, 21.163516381951585 ], [ 72.791879632601407, 21.163468369731703 ], [ 72.791846304557424, 21.163468369731703 ], [ 72.791846304557424, 21.163516381951585 ] ] ] } },
{ "type": "Feature", "properties": { "panel_id": "tile_22-P0046", "source_tile": "tile_22", "confidence": 0.67024266719818115, "class_id": 1, "x1_px": 100.325439453125, "y1_px": 19.78009033203125, "x2_px": 119.74127197265625, "y2_px": 38.989280700683594 }, "geometry": { "type": "Polygon", "coordinates": [ [ [ 72.791186370239799, 21.164150782901164 ], [ 72.791218954680957, 21.164150782901164 ], [ 72.791218954680957, 21.164096188360116 ], [ 72.791186370239799, 21.164096188360116 ], [ 72.791186370239799, 21.164150782901164 ] ] ] } },
{ "type": "Feature", "properties": { "panel_id": "tile_22-P0047", "source_tile": "tile_22", "confidence": 0.66938424110412598, "class_id": 1, "x1_px": 778.99554443359375, "y1_px": 261.47665405273438, "x2_px": 817.4078369140625, "y2_px": 275.89959716796875 }, "geometry": { "type": "Polygon", "coordinates": [ [ [ 72.792325342059513, 21.163463855825327 ], [ 72.792389807133688, 21.163463855825327 ], [ 72.792389807133688, 21.163422864302788 ], [ 72.792325342059513, 21.163422864302788 ], [ 72.792325342059513, 21.163463855825327 ] ] ] } },
{ "type": "Feature", "properties": { "panel_id": "tile_22-P0048", "source_tile": "tile_22", "confidence": 0.66211503744125366, "class_id": 1, "x1_px": 552.2628173828125, "y1_px": 377.6419677734375, "x2_px": 591.34033203125, "y2_px": 401.75872802734375 }, "geometry": { "type": "Polygon", "coordinates": [ [ [ 72.791944829959718, 21.163133701775806 ], [ 72.792010411436848, 21.163133701775806 ], [ 72.792010411436848, 21.163065159404557 ], [ 72.791944829959718, 21.163065159404557 ], [ 72.791944829959718, 21.163133701775806 ] ] ] } },
{ "type": "Feature", "properties": { "panel_id": "tile_22-P0049", "source_tile": "tile_22", "confidence": 0.65676867961883545, "class_id": 1, "x1_px": 762.099853515625, "y1_px": 348.38885498046875, "x2_px": 788.72576904296875, "y2_px": 372.0765380859375 }, "geometry": { "type": "Polygon", "coordinates": [ [ [ 72.792296987022667, 21.163216842201635 ], [ 72.792341671718859, 21.163216842201635 ], [ 72.792341671718859, 21.16314951931281 ], [ 72.792296987022667, 21.16314951931281 ], [ 72.792296987022667, 21.163216842201635 ] ] ] } },
{ "type": "Feature", "properties": { "panel_id": "tile_22-P0050", "source_tile": "tile_22", "confidence": 0.64965856075286865, "class_id": 1, "x1_px": 1497.0849609375, "y1_px": 281.88742065429688, "x2_px": 1520.0, "y2_px": 292.40325927734375 }, "geometry": { "type": "Polygon", "coordinates": [ [ [ 72.793530468973785, 21.163405846278142 ], [ 72.793568925925911, 21.163405846278142 ], [ 72.793568925925911, 21.163375959157847 ], [ 72.793530468973785, 21.163375959157847 ], [ 72.793530468973785, 21.163405846278142 ] ] ] } },
{ "type": "Feature", "properties": { "panel_id": "tile_22-P0051", "source_tile": "tile_22", "confidence": 0.64258801937103271, "class_id": 1, "x1_px": 1519.852783203125, "y1_px": 660.82568359375, "x2_px": 1554.58984375, "y2_px": 672.5203857421875 }, "geometry": { "type": "Polygon", "coordinates": [ [ [ 72.793568678860694, 21.162328863846632 ], [ 72.793626976010913, 21.162328863846632 ], [ 72.793626976010913, 21.162295626272105 ], [ 72.793568678860694, 21.162295626272105 ], [ 72.793568678860694, 21.162328863846632 ] ] ] } },
{ "type": "Feature", "properties": { "panel_id": "tile_22-P0052", "source_tile": "tile_22", "confidence": 0.64205276966094971, "class_id": 1, "x1_px": 733.56829833984375, "y1_px": 369.9351806640625, "x2_px": 747.08843994140625, "y2_px": 385.00704956054688 }, "geometry": { "type": "Polygon", "coordinates": [ [ [ 72.792249104204373, 21.16315560527601 ], [ 72.792271794256834, 21.16315560527601 ], [ 72.792271794256834, 21.163112769438094 ], [ 72.792249104204373, 21.163112769438094 ], [ 72.792249104204373, 21.16315560527601 ] ] ] } },
{ "type": "Feature", "properties": { "panel_id": "tile_22-P0053", "source_tile": "tile_22", "confidence": 0.63939070701599121, "class_id": 1, "x1_px": 1303.5198974609375, "y1_px": 705.73046875, "x2_px": 1321.647705078125, "y2_px": 725.62255859375 }, "geometry": { "type": "Polygon", "coordinates": [ [ [ 72.793205620198279, 21.1622012397204 ], [ 72.793236043023555, 21.1622012397204 ], [ 72.793236043023555, 21.162144704307156 ], [ 72.793205620198279, 21.162144704307156 ], [ 72.793205620198279, 21.1622012397204 ] ] ] } },
{ "type": "Feature", "properties": { "panel_id": "tile_22-P0054", "source_tile": "tile_22", "confidence": 0.6249929666519165, "class_id": 1, "x1_px": 1157.3583984375, "y1_px": 819.920166015625, "x2_px": 1192.31396484375, "y2_px": 836.5257568359375 }, "geometry": { "type": "Polygon", "coordinates": [ [ [ 72.792960326015887, 21.161876700580802 ], [ 72.793018989871541, 21.161876700580802 ], [ 72.793018989871541, 21.161829505743732 ], [ 72.792960326015887, 21.161829505743732 ], [ 72.792960326015887, 21.161876700580802 ] ] ] } },
{ "type": "Feature", "properties": { "panel_id": "tile_22-P0055", "source_tile": "tile_22", "confidence": 0.61834287643432617, "class_id": 1, "x1_px": 1497.16845703125, "y1_px": 289.877197265625, "x2_px": 1519.968017578125, "y2_px": 314.2537841796875 }, "geometry": { "type": "Polygon", "coordinates": [ [ [ 72.79353060910033, 21.163383138491984 ], [ 72.793568872251711, 21.163383138491984 ], [ 72.793568872251711, 21.163313857666019 ], [ 72.79353060910033, 21.163313857666019 ], [ 72.79353060910033, 21.163383138491984 ] ] ] } },
{ "type": "Feature", "properties": { "panel_id": "tile_22-P0056", "source_tile": "tile_22", "confidence": 0.61379170417785645, "class_id": 1, "x1_px": 514.09515380859375, "y1_px": 133.28512573242188, "x2_px": 541.42706298828125, "y2_px": 149.22726440429688 }, "geometry": { "type": "Polygon", "coordinates": [ [ [ 72.791880775431721, 21.163828189642658 ], [ 72.791926644955225, 21.163828189642658 ], [ 72.791926644955225, 21.16378288040643 ], [ 72.791880775431721, 21.16378288040643 ], [ 72.791880775431721, 21.163828189642658 ] ] ] } },
{ "type": "Feature", "properties": { "panel_id": "tile_22-P0057", "source_tile": "tile_22", "confidence": 0.6119341254234314, "class_id": 1, "x1_px": 756.52532958984375, "y1_px": 280.17987060546875, "x2_px": 778.82720947265625, "y2_px": 309.02508544921875 }, "geometry": { "type": "Polygon", "coordinates": [ [ [ 72.792287631629506, 21.163410699315122 ], [ 72.792325059552923, 21.163410699315122 ], [ 72.792325059552923, 21.163328718178199 ], [ 72.792287631629506, 21.163328718178199 ], [ 72.792287631629506, 21.163410699315122 ] ] ] } },
{ "type": "Feature", "properties": { "panel_id": "tile_22-P0058", "source_tile": "tile_22", "confidence": 0.60448670387268066, "class_id": 1, "x1_px": 386.0018310546875, "y1_px": 235.23822021484375, "x2_px": 422.89813232421875, "y2_px": 258.27264404296875 }, "geometry": { "type": "Polygon", "coordinates": [ [ [ 72.791665803998853, 21.163538428216235 ], [ 72.791727724874832, 21.163538428216235 ], [ 72.791727724874832, 21.163472961959037 ], [ 72.791665803998853, 21.163472961959037 ], [ 72.791665803998853, 21.163538428216235 ] ] ] } },
{ "type": "Feature", "properties": { "panel_id": "tile_22-P0059", "source_tile": "tile_22", "confidence": 0.60336917638778687, "class_id": 1, "x1_px": 1468.274658203125, "y1_px": 331.63449096679688, "x2_px": 1505.717041015625, "y2_px": 399.1820068359375 }, "geometry": { "type": "Polygon", "coordinates": [ [ [ 72.793482118349985, 21.163264459867779 ], [ 72.79354495568225, 21.163264459867779 ], [ 72.79354495568225, 21.163072482717414 ], [ 72.793482118349985, 21.163072482717414 ], [ 72.793482118349985, 21.163264459867779 ] ] ] } },
{ "type": "Feature", "properties": { "panel_id": "tile_22-P0060", "source_tile": "tile_22", "confidence": 0.60213470458984375, "class_id": 1, "x1_px": 1464.5968017578125, "y1_px": 293.88140869140625, "x2_px": 1494.09765625, "y2_px": 305.40972900390625 }, "geometry": { "type": "Polygon", "coordinates": [ [ [ 72.793475946021459, 21.163371758101615 ], [ 72.793525455557358, 21.163371758101615 ], [ 72.793525455557358, 21.16333899340178 ], [ 72.793475946021459, 21.16333899340178 ], [ 72.793475946021459, 21.163371758101615 ] ] ] } },
{ "type": "Feature", "properties": { "panel_id": "tile_22-P0061", "source_tile": "tile_22", "confidence": 0.60199379920959473, "class_id": 1, "x1_px": 1183.1500244140625, "y1_px": 559.74151611328125, "x2_px": 1215.6397705078125, "y2_px": 578.330078125 }, "geometry": { "type": "Polygon", "coordinates": [ [ [ 72.793003610573365, 21.162616155691047 ], [ 72.793058136188918, 21.162616155691047 ], [ 72.793058136188918, 21.16256332504112 ], [ 72.793003610573365, 21.16256332504112 ], [ 72.793003610573365, 21.162616155691047 ] ] ] } },
{ "type": "Feature", "properties": { "panel_id": "tile_22-P0062", "source_tile": "tile_22", "confidence": 0.59891808032989502, "class_id": 1, "x1_px": 543.31842041015625, "y1_px": 272.3197021484375, "x2_px": 559.23760986328125, "y2_px": 289.31787109375 }, "geometry": { "type": "Polygon", "coordinates": [ [ [ 72.791929819108304, 21.163433038741264 ], [ 72.791956535340617, 21.163433038741264 ], [ 72.791956535340617, 21.16338472815584 ], [ 72.791929819108304, 21.16338472815584 ], [ 72.791929819108304, 21.163433038741264 ] ] ] } },
{ "type": "Feature", "properties": { "panel_id": "tile_22-P0063", "source_tile": "tile_22", "confidence": 0.59851020574569702, "class_id": 1, "x1_px": 740.960205078125, "y1_px": 70.330032348632812, "x2_px": 765.5111083984375, "y2_px": 87.847763061523438 }, "geometry": { "type": "Polygon", "coordinates": [ [ [ 72.792261509603421, 21.164007114644907 ], [ 72.792302711929594, 21.164007114644907 ], [ 72.792302711929594, 21.163957327410248 ], [ 72.792261509603421, 21.163957327410248 ], [ 72.792261509603421, 21.164007114644907 ] ] ] } },
{ "type": "Feature", "properties": { "panel_id": "tile_22-P0064", "source_tile": "tile_22", "confidence": 0.5944981575012207, "class_id": 1, "x1_px": 585.5859375, "y1_px": 186.60205078125, "x2_px": 614.6907958984375, "y2_px": 207.68722534179688 }, "geometry": { "type": "Polygon", "coordinates": [ [ [ 72.792000754177508, 21.163676657329361 ], [ 72.792049599136618, 21.163676657329361 ], [ 72.792049599136618, 21.163616731043767 ], [ 72.792000754177508, 21.163616731043767 ], [ 72.792000754177508, 21.163676657329361 ] ] ] } },
{ "type": "Feature", "properties": { "panel_id": "tile_22-P0065", "source_tile": "tile_22", "confidence": 0.58894902467727661, "class_id": 1, "x1_px": 47.353076934814453, "y1_px": 12.492233276367188, "x2_px": 94.926589965820312, "y2_px": 32.305248260498047 }, "geometry": { "type": "Polygon", "coordinates": [ [ [ 72.791097469862891, 21.164171495758058 ], [ 72.791177309670644, 21.164171495758058 ], [ 72.791177309670644, 21.164115185083894 ], [ 72.791097469862891, 21.164115185083894 ], [ 72.791097469862891, 21.164171495758058 ] ] ] } },
{ "type": "Feature", "properties": { "panel_id": "tile_22-P0066", "source_tile": "tile_22", "confidence": 0.5888025164604187, "class_id": 1, "x1_px": 465.11300659179688, "y1_px": 141.315673828125, "x2_px": 483.92068481445312, "y2_px": 156.73919677734375 }, "geometry": { "type": "Polygon", "coordinates": [ [ [ 72.791798571596686, 21.163805365979648 ], [ 72.791830135408532, 21.163805365979648 ], [ 72.791830135408532, 21.163761530703898 ], [ 72.791798571596686, 21.163761530703898 ], [ 72.791798571596686, 21.163805365979648 ] ] ] } },
{ "type": "Feature", "properties": { "panel_id": "tile_22-P0067", "source_tile": "tile_22", "confidence": 0.58784884214401245, "class_id": 1, "x1_px": 36.132453918457031, "y1_px": 192.14541625976562, "x2_px": 54.928733825683594, "y2_px": 213.22213745117188 }, "geometry": { "type": "Polygon", "coordinates": [ [ [ 72.791078638956208, 21.163660902501157 ], [ 72.791110183638921, 21.163660902501157 ], [ 72.791110183638921, 21.163601000240931 ], [ 72.791078638956208, 21.163601000240931 ], [ 72.791078638956208, 21.163660902501157 ] ] ] } },
{ "type": "Feature", "properties": { "panel_id": "tile_22-P0068", "source_tile": "tile_22", "confidence": 0.58688449859619141, "class_id": 1, "x1_px": 508.02603149414062, "y1_px": 119.08792114257812, "x2_px": 526.8311767578125, "y2_px": 137.20620727539062 }, "geometry": { "type": "Polygon", "coordinates": [ [ [ 72.79187058998339, 21.163868539592542 ], [ 72.791902149544313, 21.163868539592542 ], [ 72.791902149544313, 21.163817045516165 ], [ 72.79187058998339, 21.163817045516165 ], [ 72.79187058998339, 21.163868539592542 ] ] ] } },
{ "type": "Feature", "properties": { "panel_id": "tile_22-P0069", "source_tile": "tile_22", "confidence": 0.58112847805023193, "class_id": 1, "x1_px": 627.746826171875, "y1_px": 337.97869873046875, "x2_px": 645.524658203125, "y2_px": 355.5491943359375 }, "geometry": { "type": "Polygon", "coordinates": [ [ [ 72.792071510298541, 21.163246428961504 ], [ 72.792101345780537, 21.163246428961504 ], [ 72.792101345780537, 21.163196491763468 ], [ 72.792071510298541, 21.163196491763468 ], [ 72.792071510298541, 21.163246428961504 ] ] ] } },
{ "type": "Feature", "properties": { "panel_id": "tile_22-P0070", "source_tile": "tile_22", "confidence": 0.56552112102508545, "class_id": 1, "x1_px": 1528.97021484375, "y1_px": 36.551528930664062, "x2_px": 1546.8475341796875, "y2_px": 56.587471008300781 }, "geometry": { "type": "Polygon", "coordinates": [ [ [ 72.793583980105922, 21.164103116707253 ], [ 72.793613982551562, 21.164103116707253 ], [ 72.793613982551562, 21.164046172450821 ], [ 72.793583980105922, 21.164046172450821 ], [ 72.793583980105922, 21.164103116707253 ] ] ] } },
{ "type": "Feature", "properties": { "panel_id": "tile_22-P0071", "source_tile": "tile_22", "confidence": 0.5599403977394104, "class_id": 1, "x1_px": 117.85285949707031, "y1_px": 16.215053558349609, "x2_px": 133.81697082519531, "y2_px": 35.578540802001953 }, "geometry": { "type": "Polygon", "coordinates": [ [ [ 72.7912157854702, 21.164160915110941 ], [ 72.79124257709222, 21.164160915110941 ], [ 72.79124257709222, 21.164105882041934 ], [ 72.7912157854702, 21.164105882041934 ], [ 72.7912157854702, 21.164160915110941 ] ] ] } },
{ "type": "Feature", "properties": { "panel_id": "tile_22-P0072", "source_tile": "tile_22", "confidence": 0.55814146995544434, "class_id": 1, "x1_px": 1495.742919921875, "y1_px": 271.39651489257812, "x2_px": 1592.5693359375, "y2_px": 316.39486694335938 }, "geometry": { "type": "Polygon", "coordinates": [ [ [ 72.79352821670588, 21.163435662536624 ], [ 72.793690714742013, 21.163435662536624 ], [ 72.793690714742013, 21.163307772483424 ], [ 72.79352821670588, 21.163307772483424 ], [ 72.79352821670588, 21.163435662536624 ] ] ] } },
{ "type": "Feature", "properties": { "panel_id": "tile_22-P0073", "source_tile": "tile_22", "confidence": 0.55570739507675171, "class_id": 1, "x1_px": 143.09837341308594, "y1_px": 121.48689270019531, "x2_px": 154.67942810058594, "y2_px": 131.55024719238281 }, "geometry": { "type": "Polygon", "coordinates": [ [ [ 72.791258153520175, 21.163861721462855 ], [ 72.791277589317971, 21.163861721462855 ], [ 72.791277589317971, 21.163833120350088 ], [ 72.791258153520175, 21.163833120350088 ], [ 72.791258153520175, 21.163861721462855 ] ] ] } },
{ "type": "Feature", "properties": { "panel_id": "tile_22-P0074", "source_tile": "tile_22", "confidence": 0.55321300029754639, "class_id": 1, "x1_px": 874.482421875, "y1_px": 275.7548828125, "x2_px": 896.22125244140625, "y2_px": 296.2513427734375 }, "geometry": { "type": "Polygon", "coordinates": [ [ [ 72.792485592027433, 21.163423275596219 ], [ 72.792522075018553, 21.163423275596219 ], [ 72.792522075018553, 21.163365022499487 ], [ 72.792485592027433, 21.163365022499487 ], [ 72.792485592027433, 21.163423275596219 ] ] ] } },
{ "type": "Feature", "properties": { "panel_id": "tile_22-P0075", "source_tile": "tile_22", "confidence": 0.55112761259078979, "class_id": 1, "x1_px": 726.54693603515625, "y1_px": 355.74111938476562, "x2_px": 743.37469482421875, "y2_px": 371.86758422851562 }, "geometry": { "type": "Polygon", "coordinates": [ [ [ 72.792237320668093, 21.163195946292277 ], [ 72.792265561698471, 21.163195946292277 ], [ 72.792265561698471, 21.163150113181668 ], [ 72.792237320668093, 21.163150113181668 ], [ 72.792237320668093, 21.163195946292277 ] ] ] } },
{ "type": "Feature", "properties": { "panel_id": "tile_22-P0076", "source_tile": "tile_22", "confidence": 0.54952543973922729, "class_id": 1, "x1_px": 1200.096923828125, "y1_px": 341.31884765625, "x2_px": 1231.34521484375, "y2_px": 359.62722778320312 }, "geometry": { "type": "Polygon", "coordinates": [ [ [ 72.793032051550398, 21.163236935906664 ], [ 72.79308449370545, 21.163236935906664 ], [ 72.79308449370545, 21.163184901563145 ], [ 72.793032051550398, 21.163184901563145 ], [ 72.793032051550398, 21.163236935906664 ] ] ] } },
{ "type": "Feature", "properties": { "panel_id": "tile_22-P0077", "source_tile": "tile_22", "confidence": 0.54658216238021851, "class_id": 1, "x1_px": 607.71453857421875, "y1_px": 311.7835693359375, "x2_px": 641.826171875, "y2_px": 331.33935546875 }, "geometry": { "type": "Polygon", "coordinates": [ [ [ 72.792037891297355, 21.163320878276625 ], [ 72.792095138830092, 21.163320878276625 ], [ 72.792095138830092, 21.163265298673934 ], [ 72.792037891297355, 21.163265298673934 ], [ 72.792037891297355, 21.163320878276625 ] ] ] } },
{ "type": "Feature", "properties": { "panel_id": "tile_22-P0078", "source_tile": "tile_22", "confidence": 0.53334307670593262, "class_id": 1, "x1_px": 1511.926513671875, "y1_px": 362.14926147460938, "x2_px": 1520.0, "y2_px": 376.38125610351562 }, "geometry": { "type": "Polygon", "coordinates": [ [ [ 72.793555376672245, 21.163177733677916 ], [ 72.793568925925911, 21.163177733677916 ], [ 72.793568925925911, 21.163137284851075 ], [ 72.793555376672245, 21.163137284851075 ], [ 72.793555376672245, 21.163177733677916 ] ] ] } },
{ "type": "Feature", "properties": { "panel_id": "tile_22-P0079", "source_tile": "tile_22", "confidence": 0.53211790323257446, "class_id": 1, "x1_px": 460.98434448242188, "y1_px": 125.80270385742188, "x2_px": 480.65158081054688, "y2_px": 142.23590087890625 }, "geometry": { "type": "Polygon", "coordinates": [ [ [ 72.791791642707736, 21.163849455473247 ], [ 72.791824649065006, 21.163849455473247 ], [ 72.791824649065006, 21.163802750597505 ], [ 72.791791642707736, 21.163802750597505 ], [ 72.791791642707736, 21.163849455473247 ] ] ] } },
{ "type": "Feature", "properties": { "panel_id": "tile_22-P0080", "source_tile": "tile_22", "confidence": 0.52759885787963867, "class_id": 1, "x1_px": 751.71002197265625, "y1_px": 148.52658081054688, "x2_px": 766.7474365234375, "y2_px": 171.0322265625 }, "geometry": { "type": "Polygon", "coordinates": [ [ [ 72.79227955038408, 21.163784871822962 ], [ 72.79230478678582, 21.163784871822962 ], [ 72.79230478678582, 21.16372090840872 ], [ 72.79227955038408, 21.16372090840872 ], [ 72.79227955038408, 21.163784871822962 ] ] ] } },
{ "type": "Feature", "properties": { "panel_id": "tile_22-P0081", "source_tile": "tile_22", "confidence": 0.52637249231338501, "class_id": 1, "x1_px": 1513.951904296875, "y1_px": 376.87222290039062, "x2_px": 1520.0, "y2_px": 391.09194946289062 }, "geometry": { "type": "Polygon", "coordinates": [ [ [ 72.793558775765305, 21.163135889471761 ], [ 72.793568925925911, 21.163135889471761 ], [ 72.793568925925911, 21.163095475512055 ], [ 72.793558775765305, 21.163095475512055 ], [ 72.793558775765305, 21.163135889471761 ] ] ] } },
{ "type": "Feature", "properties": { "panel_id": "tile_22-P0082", "source_tile": "tile_22", "confidence": 0.5212860107421875, "class_id": 1, "x1_px": 547.21844482421875, "y1_px": 225.58590698242188, "x2_px": 559.98394775390625, "y2_px": 241.03451538085938 }, "geometry": { "type": "Polygon", "coordinates": [ [ [ 72.791936364288176, 21.163565861106473 ], [ 72.791957787875262, 21.163565861106473 ], [ 72.791957787875262, 21.163521954535234 ], [ 72.791936364288176, 21.163521954535234 ], [ 72.791936364288176, 21.163565861106473 ] ] ] } },
{ "type": "Feature", "properties": { "panel_id": "tile_22-P0083", "source_tile": "tile_22", "confidence": 0.52064698934555054, "class_id": 1, "x1_px": 1152.064208984375, "y1_px": 348.7630615234375, "x2_px": 1179.8916015625, "y2_px": 368.24285888671875 }, "geometry": { "type": "Polygon", "coordinates": [ [ [ 72.792951441091461, 21.163215778667251 ], [ 72.792998142155383, 21.163215778667251 ], [ 72.792998142155383, 21.163160415032639 ], [ 72.792951441091461, 21.163160415032639 ], [ 72.792951441091461, 21.163215778667251 ] ] ] } },
{ "type": "Feature", "properties": { "panel_id": "tile_22-P0084", "source_tile": "tile_22", "confidence": 0.52063697576522827, "class_id": 1, "x1_px": 141.44430541992188, "y1_px": 110.99028015136719, "x2_px": 153.20773315429688, "y2_px": 120.50331115722656 }, "geometry": { "type": "Polygon", "coordinates": [ [ [ 72.791255377595888, 21.163891553940623 ], [ 72.791275119459556, 21.163891553940623 ], [ 72.791275119459556, 21.163864516905132 ], [ 72.791255377595888, 21.163864516905132 ], [ 72.791255377595888, 21.163891553940623 ] ] ] } },
{ "type": "Feature", "properties": { "panel_id": "tile_22-P0085", "source_tile": "tile_22", "confidence": 0.51950061321258545, "class_id": 1, "x1_px": 1520.5560302734375, "y1_px": 660.310302734375, "x2_px": 1555.7081298828125, "y2_px": 692.2896728515625 }, "geometry": { "type": "Polygon", "coordinates": [ [ [ 72.793569859078573, 21.162330328613283 ], [ 72.793628852764257, 21.162330328613283 ], [ 72.793628852764257, 21.162239439877162 ], [ 72.793569859078573, 21.162239439877162 ], [ 72.793569859078573, 21.162330328613283 ] ] ] } },
{ "type": "Feature", "properties": { "panel_id": "tile_22-P0086", "source_tile": "tile_22", "confidence": 0.5115276575088501, "class_id": 1, "x1_px": 790.9239501953125, "y1_px": 296.76779174804688, "x2_px": 822.6239013671875, "y2_px": 317.82949829101562 }, "geometry": { "type": "Polygon", "coordinates": [ [ [ 72.792345360796034, 21.163363554697138 ], [ 72.792398560945571, 21.163363554697138 ], [ 72.792398560945571, 21.163303695110123 ], [ 72.792345360796034, 21.163303695110123 ], [ 72.792345360796034, 21.163363554697138 ] ] ] } },
{ "type": "Feature", "properties": { "panel_id": "tile_22-P0087", "source_tile": "tile_22", "confidence": 0.51102030277252197, "class_id": 1, "x1_px": 690.2215576171875, "y1_px": 108.15386962890625, "x2_px": 728.7684326171875, "y2_px": 121.30606079101562 }, "geometry": { "type": "Polygon", "coordinates": [ [ [ 72.792176357938118, 21.163899615317899 ], [ 72.792241048874175, 21.163899615317899 ], [ 72.792241048874175, 21.163862235406175 ], [ 72.792176357938118, 21.163862235406175 ], [ 72.792176357938118, 21.163899615317899 ] ] ] } },
{ "type": "Feature", "properties": { "panel_id": "tile_22-P0088", "source_tile": "tile_22", "confidence": 0.50097370147705078, "class_id": 1, "x1_px": 1265.9603271484375, "y1_px": 712.4791259765625, "x2_px": 1300.7178955078125, "y2_px": 728.7276611328125 }, "geometry": { "type": "Polygon", "coordinates": [ [ [ 72.793142586197163, 21.162182059326174 ], [ 72.793200917764437, 21.162182059326174 ], [ 72.793200917764437, 21.162135879278889 ], [ 72.793142586197163, 21.162135879278889 ], [ 72.793142586197163, 21.162182059326174 ] ] ] } },
{ "type": "Feature", "properties": { "panel_id": "tile_22-P0089", "source_tile": "tile_22", "confidence": 0.49870201945304871, "class_id": 1, "x1_px": 838.114501953125, "y1_px": 79.140243530273438, "x2_px": 857.30340576171875, "y2_px": 95.959915161132812 }, "geometry": { "type": "Polygon", "coordinates": [ [ [ 72.792424557902564, 21.163982075097337 ], [ 72.792456761502706, 21.163982075097337 ], [ 72.792456761502706, 21.163934271820068 ], [ 72.792424557902564, 21.163934271820068 ], [ 72.792424557902564, 21.163982075097337 ] ] ] } },
{ "type": "Feature", "properties": { "panel_id": "tile_22-P0090", "source_tile": "tile_22", "confidence": 0.47517314553260803, "class_id": 1, "x1_px": 683.47265625, "y1_px": 365.09405517578125, "x2_px": 699.4010009765625, "y2_px": 381.78326416015625 }, "geometry": { "type": "Polygon", "coordinates": [ [ [ 72.792165031656879, 21.163169364264238 ], [ 72.792191763253939, 21.163169364264238 ], [ 72.792191763253939, 21.163121931775546 ], [ 72.792165031656879, 21.163121931775546 ], [ 72.792165031656879, 21.163169364264238 ] ] ] } },
{ "type": "Feature", "properties": { "panel_id": "tile_22-P0091", "source_tile": "tile_22", "confidence": 0.47253385186195374, "class_id": 1, "x1_px": 1594.755615234375, "y1_px": 277.53216552734375, "x2_px": 1620.7705078125, "y2_px": 302.66973876953125 }, "geometry": { "type": "Polygon", "coordinates": [ [ [ 72.793694383845008, 21.163418224371661 ], [ 72.793738043097591, 21.163418224371661 ], [ 72.793738043097591, 21.163346780742447 ], [ 72.793694383845008, 21.163346780742447 ], [ 72.793694383845008, 21.163418224371661 ] ] ] } },
{ "type": "Feature", "properties": { "panel_id": "tile_22-P0092", "source_tile": "tile_22", "confidence": 0.46776288747787476, "class_id": 1, "x1_px": 1131.4512939453125, "y1_px": 704.6346435546875, "x2_px": 1164.8104248046875, "y2_px": 718.119384765625 }, "geometry": { "type": "Polygon", "coordinates": [ [ [ 72.792916847657651, 21.162204354170953 ], [ 72.792972832310127, 21.162204354170953 ], [ 72.792972832310127, 21.162166029116985 ], [ 72.792916847657651, 21.162166029116985 ], [ 72.792916847657651, 21.162204354170953 ] ] ] } },
{ "type": "Feature", "properties": { "panel_id": "tile_22-P0093", "source_tile": "tile_22", "confidence": 0.45840689539909363, "class_id": 1, "x1_px": 393.69622802734375, "y1_px": 265.50155639648438, "x2_px": 429.1453857421875, "y2_px": 279.64401245117188 }, "geometry": { "type": "Polygon", "coordinates": [ [ [ 72.791678717049336, 21.163452416629191 ], [ 72.791738209270036, 21.163452416629191 ], [ 72.791738209270036, 21.163412222280403 ], [ 72.791678717049336, 21.163412222280403 ], [ 72.791678717049336, 21.163452416629191 ] ] ] } },
{ "type": "Feature", "properties": { "panel_id": "tile_22-P0094", "source_tile": "tile_22", "confidence": 0.45754140615463257, "class_id": 1, "x1_px": 1535.056396484375, "y1_px": 789.32855224609375, "x2_px": 1571.9207763671875, "y2_px": 799.94696044921875 }, "geometry": { "type": "Polygon", "coordinates": [ [ [ 72.79359419418391, 21.161963645167305 ], [ 72.793656061488107, 21.161963645167305 ], [ 72.793656061488107, 21.161933466533462 ], [ 72.79359419418391, 21.161933466533462 ], [ 72.79359419418391, 21.161963645167305 ] ] ] } },
{ "type": "Feature", "properties": { "panel_id": "tile_22-P0095", "source_tile": "tile_22", "confidence": 0.45358705520629883, "class_id": 1, "x1_px": 589.17877197265625, "y1_px": 206.84524536132812, "x2_px": 619.85333251953125, "y2_px": 225.71490478515625 }, "geometry": { "type": "Polygon", "coordinates": [ [ [ 72.792006783818692, 21.163619124039503 ], [ 72.792058263115905, 21.163619124039503 ], [ 72.792058263115905, 21.163565494481137 ], [ 72.792006783818692, 21.163565494481137 ], [ 72.792006783818692, 21.163619124039503 ] ] ] } },
{ "type": "Feature", "properties": { "panel_id": "tile_22-P0096", "source_tile": "tile_22", "confidence": 0.45006594061851501, "class_id": 1, "x1_px": 1594.8553466796875, "y1_px": 275.20962524414062, "x2_px": 1616.4132080078125, "y2_px": 287.48858642578125 }, "geometry": { "type": "Polygon", "coordinates": [ [ [ 72.79369455121838, 21.163424825275623 ], [ 72.793730730499547, 21.163424825275623 ], [ 72.793730730499547, 21.163389927175423 ], [ 72.79369455121838, 21.163389927175423 ], [ 72.79369455121838, 21.163424825275623 ] ] ] } },
{ "type": "Feature", "properties": { "panel_id": "tile_22-P0097", "source_tile": "tile_22", "confidence": 0.44493713974952698, "class_id": 1, "x1_px": 1306.85791015625, "y1_px": 830.84136962890625, "x2_px": 1331.62109375, "y2_px": 848.4678955078125 }, "geometry": { "type": "Polygon", "coordinates": [ [ [ 72.793211222187168, 21.161845661370531 ], [ 72.793252780770743, 21.161845661370531 ], [ 72.793252780770743, 21.161795564928561 ], [ 72.793211222187168, 21.161795564928561 ], [ 72.793211222187168, 21.161845661370531 ] ] ] } },
{ "type": "Feature", "properties": { "panel_id": "tile_22-P0098", "source_tile": "tile_22", "confidence": 0.44154366850852966, "class_id": 1, "x1_px": 683.024658203125, "y1_px": 365.48504638671875, "x2_px": 702.4539794921875, "y2_px": 395.848388671875 }, "geometry": { "type": "Polygon", "coordinates": [ [ [ 72.792164279808304, 21.163168253026061 ], [ 72.79219688688687, 21.163168253026061 ], [ 72.79219688688687, 21.163081957211144 ], [ 72.792164279808304, 21.163081957211144 ], [ 72.792164279808304, 21.163168253026061 ] ] ] } },
{ "type": "Feature", "properties": { "panel_id": "tile_22-P0099", "source_tile": "tile_22", "confidence": 0.43871518969535828, "class_id": 1, "x1_px": 492.574951171875, "y1_px": 310.0091552734375, "x2_px": 506.95440673828125, "y2_px": 319.9322509765625 }, "geometry": { "type": "Polygon", "coordinates": [ [ [ 72.791844659350915, 21.163325921348171 ], [ 72.791868791539073, 21.163325921348171 ], [ 72.791868791539073, 21.163297718865646 ], [ 72.791844659350915, 21.163297718865646 ], [ 72.791844659350915, 21.163325921348171 ] ] ] } },
{ "type": "Feature", "properties": { "panel_id": "tile_22-P0100", "source_tile": "tile_22", "confidence": 0.43334931135177612, "class_id": 1, "x1_px": 718.7777099609375, "y1_px": 367.15594482421875, "x2_px": 732.5633544921875, "y2_px": 376.77279663085938 }, "geometry": { "type": "Polygon", "coordinates": [ [ [ 72.792224282036372, 21.163163504156817 ], [ 72.792247417666673, 21.163163504156817 ], [ 72.792247417666673, 21.163136172051683 ], [ 72.792224282036372, 21.163136172051683 ], [ 72.792224282036372, 21.163163504156817 ] ] ] } },
{ "type": "Feature", "properties": { "panel_id": "tile_22-P0101", "source_tile": "tile_22", "confidence": 0.42778417468070984, "class_id": 1, "x1_px": 1370.9520263671875, "y1_px": 679.305908203125, "x2_px": 1390.5653076171875, "y2_px": 688.5208740234375 }, "geometry": { "type": "Polygon", "coordinates": [ [ [ 72.793318787544237, 21.162276341103006 ], [ 72.793351703351888, 21.162276341103006 ], [ 72.793351703351888, 21.162250151200148 ], [ 72.793318787544237, 21.162250151200148 ], [ 72.793318787544237, 21.162276341103006 ] ] ] } },
{ "type": "Feature", "properties": { "panel_id": "tile_22-P0102", "source_tile": "tile_22", "confidence": 0.42764878273010254, "class_id": 1, "x1_px": 115.43675994873047, "y1_px": 131.17236328125, "x2_px": 156.55914306640625, "y2_px": 147.33837890625 }, "geometry": { "type": "Polygon", "coordinates": [ [ [ 72.79121173067351, 21.163834194335941 ], [ 72.791280743932205, 21.163834194335941 ], [ 72.791280743932205, 21.163788248817848 ], [ 72.79121173067351, 21.163788248817848 ], [ 72.79121173067351, 21.163834194335941 ] ] ] } },
{ "type": "Feature", "properties": { "panel_id": "tile_22-P0103", "source_tile": "tile_22", "confidence": 0.42312419414520264, "class_id": 1, "x1_px": 601.65869140625, "y1_px": 261.04595947265625, "x2_px": 638.62353515625, "y2_px": 289.92156982421875 }, "geometry": { "type": "Polygon", "coordinates": [ [ [ 72.79202772812792, 21.163465079904658 ], [ 72.792089764034685, 21.163465079904658 ], [ 72.792089764034685, 21.1633830123805 ], [ 72.79202772812792, 21.1633830123805 ], [ 72.79202772812792, 21.163465079904658 ] ] ] } },
{ "type": "Feature", "properties": { "panel_id": "tile_22-P0104", "source_tile": "tile_22", "confidence": 0.40737912058830261, "class_id": 1, "x1_px": 1521.3934326171875, "y1_px": 316.54571533203125, "x2_px": 1618.5826416015625, "y2_px": 359.6976318359375 }, "geometry": { "type": "Polygon", "coordinates": [ [ [ 72.793571264441297, 21.163307343756426 ], [ 72.793734371331382, 21.163307343756426 ], [ 72.793734371331382, 21.163184701467415 ], [ 72.793571264441297, 21.163184701467415 ], [ 72.793571264441297, 21.163307343756426 ] ] ] } },
{ "type": "Feature", "properties": { "panel_id": "tile_22-P0105", "source_tile": "tile_22", "confidence": 0.40602177381515503, "class_id": 1, "x1_px": 420.31396484375, "y1_px": 240.0, "x2_px": 436.4044189453125, "y2_px": 247.29103088378906 }, "geometry": { "type": "Polygon", "coordinates": [ [ [ 72.79172338801969, 21.163524894736845 ], [ 72.791750391675293, 21.163524894736845 ], [ 72.791750391675293, 21.163504172859597 ], [ 72.79172338801969, 21.163504172859597 ], [ 72.79172338801969, 21.163524894736845 ] ] ] } },
{ "type": "Feature", "properties": { "panel_id": "tile_22-P0106", "source_tile": "tile_22", "confidence": 0.40547356009483337, "class_id": 1, "x1_px": 300.81048583984375, "y1_px": 89.87530517578125, "x2_px": 321.322021484375, "y2_px": 102.8670654296875 }, "geometry": { "type": "Polygon", "coordinates": [ [ [ 72.791522832412554, 21.163951564922133 ], [ 72.791557255707332, 21.163951564922133 ], [ 72.791557255707332, 21.163914640971939 ], [ 72.791522832412554, 21.163914640971939 ], [ 72.791522832412554, 21.163951564922133 ] ] ] } },
{ "type": "Feature", "properties": { "panel_id": "tile_22-P0107", "source_tile": "tile_22", "confidence": 0.39237558841705322, "class_id": 1, "x1_px": 1369.448974609375, "y1_px": 669.5059814453125, "x2_px": 1390.011962890625, "y2_px": 689.0174560546875 }, "geometry": { "type": "Polygon", "coordinates": [ [ [ 72.793316265061549, 21.16230419352642 ], [ 72.793350774706227, 21.16230419352642 ], [ 72.793350774706227, 21.162248739861742 ], [ 72.793316265061549, 21.162248739861742 ], [ 72.793316265061549, 21.16230419352642 ] ] ] } },
{ "type": "Feature", "properties": { "panel_id": "tile_22-P0108", "source_tile": "tile_22", "confidence": 0.3877905011177063, "class_id": 1, "x1_px": 488.90786743164062, "y1_px": 208.57072448730469, "x2_px": 508.57003784179688, "y2_px": 228.02729797363281 }, "geometry": { "type": "Polygon", "coordinates": [ [ [ 72.79183850510158, 21.163614220046195 ], [ 72.791871502957008, 21.163614220046195 ], [ 72.791871502957008, 21.163558922416286 ], [ 72.79183850510158, 21.163558922416286 ], [ 72.79183850510158, 21.163614220046195 ] ] ] } },
{ "type": "Feature", "properties": { "panel_id": "tile_22-P0109", "source_tile": "tile_22", "confidence": 0.38636216521263123, "class_id": 1, "x1_px": 604.41619873046875, "y1_px": 277.77764892578125, "x2_px": 622.572021484375, "y2_px": 290.71014404296875 }, "geometry": { "type": "Polygon", "coordinates": [ [ [ 72.792032355889063, 21.163417526682004 ], [ 72.792062825730483, 21.163417526682004 ], [ 72.792062825730483, 21.163380771169564 ], [ 72.792032355889063, 21.163380771169564 ], [ 72.792032355889063, 21.163417526682004 ] ] ] } },
{ "type": "Feature", "properties": { "panel_id": "tile_22-P0110", "source_tile": "tile_22", "confidence": 0.38610103726387024, "class_id": 1, "x1_px": 1151.706298828125, "y1_px": 835.14697265625, "x2_px": 1172.4119873046875, "y2_px": 844.504638671875 }, "geometry": { "type": "Polygon", "coordinates": [ [ [ 72.792950840432042, 21.161833424393507 ], [ 72.792985589562008, 21.161833424393507 ], [ 72.792985589562008, 21.161806828921673 ], [ 72.792950840432042, 21.161806828921673 ], [ 72.792950840432042, 21.161833424393507 ] ] ] } },
{ "type": "Feature", "properties": { "panel_id": "tile_22-P0111", "source_tile": "tile_22", "confidence": 0.38608464598655701, "class_id": 1, "x1_px": 1529.7999267578125, "y1_px": 745.1192626953125, "x2_px": 1564.9876708984375, "y2_px": 757.31298828125 }, "geometry": { "type": "Polygon", "coordinates": [ [ [ 72.793585372562262, 21.162089292621818 ], [ 72.793644426068042, 21.162089292621818 ], [ 72.793644426068042, 21.162054636770151 ], [ 72.793585372562262, 21.162054636770151 ], [ 72.793585372562262, 21.162089292621818 ] ] ] } },
{ "type": "Feature", "properties": { "panel_id": "tile_22-P0112", "source_tile": "tile_22", "confidence": 0.38319951295852661, "class_id": 1, "x1_px": 1467.9786376953125, "y1_px": 324.81015014648438, "x2_px": 1497.103271484375, "y2_px": 335.20986938476562 }, "geometry": { "type": "Polygon", "coordinates": [ [ [ 72.79348162155631, 21.163283855362742 ], [ 72.793530499703294, 21.163283855362742 ], [ 72.793530499703294, 21.163254298265961 ], [ 72.79348162155631, 21.163254298265961 ], [ 72.79348162155631, 21.163283855362742 ] ] ] } },
{ "type": "Feature", "properties": { "panel_id": "tile_22-P0113", "source_tile": "tile_22", "confidence": 0.38232475519180298, "class_id": 1, "x1_px": 1466.25390625, "y1_px": 304.65032958984375, "x2_px": 1494.666015625, "y2_px": 315.78460693359375 }, "geometry": { "type": "Polygon", "coordinates": [ [ [ 72.79347872704173, 21.163341151694851 ], [ 72.79352640940121, 21.163341151694851 ], [ 72.79352640940121, 21.163309506906611 ], [ 72.79347872704173, 21.163309506906611 ], [ 72.79347872704173, 21.163341151694851 ] ] ] } },
{ "type": "Feature", "properties": { "panel_id": "tile_22-P0114", "source_tile": "tile_22", "confidence": 0.37633621692657471, "class_id": 1, "x1_px": 1164.506103515625, "y1_px": 701.12884521484375, "x2_px": 1178.552490234375, "y2_px": 717.27880859375 }, "geometry": { "type": "Polygon", "coordinates": [ [ [ 72.792972321585751, 21.162214318018865 ], [ 72.792995894804207, 21.162214318018865 ], [ 72.792995894804207, 21.162168418122949 ], [ 72.792972321585751, 21.162168418122949 ], [ 72.792972321585751, 21.162214318018865 ] ] ] } },
{ "type": "Feature", "properties": { "panel_id": "tile_22-P0115", "source_tile": "tile_22", "confidence": 0.37395697832107544, "class_id": 1, "x1_px": 1194.0728759765625, "y1_px": 618.03375244140625, "x2_px": 1229.18212890625, "y2_px": 633.78125 }, "geometry": { "type": "Polygon", "coordinates": [ [ [ 72.793021941747867, 21.162450483019381 ], [ 72.793080863526512, 21.162450483019381 ], [ 72.793080863526512, 21.162405726973688 ], [ 72.793021941747867, 21.162405726973688 ], [ 72.793021941747867, 21.162450483019381 ] ] ] } },
{ "type": "Feature", "properties": { "panel_id": "tile_22-P0116", "source_tile": "tile_22", "confidence": 0.37380683422088623, "class_id": 1, "x1_px": 1256.2193603515625, "y1_px": 609.3497314453125, "x2_px": 1279.0589599609375, "y2_px": 627.99951171875 }, "geometry": { "type": "Polygon", "coordinates": [ [ [ 72.793126238509842, 21.162475163921158 ], [ 72.793164568856398, 21.162475163921158 ], [ 72.793164568856398, 21.162422159282485 ], [ 72.793126238509842, 21.162422159282485 ], [ 72.793126238509842, 21.162475163921158 ] ] ] } },
{ "type": "Feature", "properties": { "panel_id": "tile_22-P0117", "source_tile": "tile_22", "confidence": 0.37143206596374512, "class_id": 1, "x1_px": 1536.64453125, "y1_px": 799.2652587890625, "x2_px": 1571.9482421875, "y2_px": 811.599609375 }, "geometry": { "type": "Polygon", "coordinates": [ [ [ 72.793596859456372, 21.161935404001341 ], [ 72.793656107582365, 21.161935404001341 ], [ 72.793656107582365, 21.161900348478621 ], [ 72.793596859456372, 21.161900348478621 ], [ 72.793596859456372, 21.161935404001341 ] ] ] } },
{ "type": "Feature", "properties": { "panel_id": "tile_22-P0118", "source_tile": "tile_22", "confidence": 0.37006577849388123, "class_id": 1, "x1_px": 1530.5035400390625, "y1_px": 754.34381103515625, "x2_px": 1565.70361328125, "y2_px": 765.88507080078125 }, "geometry": { "type": "Polygon", "coordinates": [ [ [ 72.793586553394732, 21.162063075484429 ], [ 72.793645627591729, 21.162063075484429 ], [ 72.793645627591729, 21.162030274009307 ], [ 72.793586553394732, 21.162030274009307 ], [ 72.793586553394732, 21.162063075484429 ] ] ] } },
{ "type": "Feature", "properties": { "panel_id": "tile_22-P0119", "source_tile": "tile_22", "confidence": 0.36335495114326477, "class_id": 1, "x1_px": 1532.2978515625, "y1_px": 763.2706298828125, "x2_px": 1566.5452880859375, "y2_px": 774.7713623046875 }, "geometry": { "type": "Polygon", "coordinates": [ [ [ 72.793589564681426, 21.162037704525599 ], [ 72.793647040124668, 21.162037704525599 ], [ 72.793647040124668, 21.162005018233454 ], [ 72.793589564681426, 21.162005018233454 ], [ 72.793589564681426, 21.162037704525599 ] ] ] } },
{ "type": "Feature", "properties": { "panel_id": "tile_22-P0120", "source_tile": "tile_22", "confidence": 0.3624873161315918, "class_id": 1, "x1_px": 1279.31640625, "y1_px": 853.276123046875, "x2_px": 1297.6561279296875, "y2_px": 867.13568115234375 }, "geometry": { "type": "Polygon", "coordinates": [ [ [ 72.793165000913248, 21.161781899439767 ], [ 72.79319577938135, 21.161781899439767 ], [ 72.79319577938135, 21.161742509116728 ], [ 72.793165000913248, 21.161742509116728 ], [ 72.793165000913248, 21.161781899439767 ] ] ] } },
{ "type": "Feature", "properties": { "panel_id": "tile_22-P0121", "source_tile": "tile_22", "confidence": 0.357887864112854, "class_id": 1, "x1_px": 1537.234130859375, "y1_px": 808.590087890625, "x2_px": 1573.6982421875, "y2_px": 819.8577880859375 }, "geometry": { "type": "Polygon", "coordinates": [ [ [ 72.793597848946462, 21.161908901855472 ], [ 72.793659044503656, 21.161908901855472 ], [ 72.793659044503656, 21.161876877865442 ], [ 72.793597848946462, 21.161876877865442 ], [ 72.793597848946462, 21.161908901855472 ] ] ] } },
{ "type": "Feature", "properties": { "panel_id": "tile_22-P0122", "source_tile": "tile_22", "confidence": 0.35412657260894775, "class_id": 1, "x1_px": 1466.6761474609375, "y1_px": 315.2010498046875, "x2_px": 1494.60888671875, "y2_px": 320.0 }, "geometry": { "type": "Polygon", "coordinates": [ [ [ 72.793479435664125, 21.163311165437399 ], [ 72.793526313525149, 21.163311165437399 ], [ 72.793526313525149, 21.163297526315791 ], [ 72.793479435664125, 21.163297526315791 ], [ 72.793479435664125, 21.163311165437399 ] ] ] } },
{ "type": "Feature", "properties": { "panel_id": "tile_22-P0123", "source_tile": "tile_22", "confidence": 0.34748056530952454, "class_id": 1, "x1_px": 1530.59814453125, "y1_px": 747.93365478515625, "x2_px": 1570.3138427734375, "y2_px": 798.80950927734375 }, "geometry": { "type": "Polygon", "coordinates": [ [ [ 72.793586712163844, 21.162081293823245 ], [ 72.793653364666682, 21.162081293823245 ], [ 72.793653364666682, 21.161936699289427 ], [ 72.793586712163844, 21.161936699289427 ], [ 72.793586712163844, 21.162081293823245 ] ] ] } },
{ "type": "Feature", "properties": { "panel_id": "tile_22-P0124", "source_tile": "tile_22", "confidence": 0.33888730406761169, "class_id": 1, "x1_px": 1466.082275390625, "y1_px": 300.31808471679688, "x2_px": 1496.640869140625, "y2_px": 326.15151977539062 }, "geometry": { "type": "Polygon", "coordinates": [ [ [ 72.793478439003835, 21.163353464390806 ], [ 72.793529723680834, 21.163353464390806 ], [ 72.793529723680834, 21.16328004304906 ], [ 72.793478439003835, 21.16328004304906 ], [ 72.793478439003835, 21.163353464390806 ] ] ] } },
{ "type": "Feature", "properties": { "panel_id": "tile_22-P0125", "source_tile": "tile_22", "confidence": 0.33185434341430664, "class_id": 1, "x1_px": 299.798828125, "y1_px": 80.164260864257812, "x2_px": 320.49365234375, "y2_px": 92.667800903320312 }, "geometry": { "type": "Polygon", "coordinates": [ [ [ 72.791521134607365, 21.163979164732282 ], [ 72.791555865504492, 21.163979164732282 ], [ 72.791555865504492, 21.16394362835533 ], [ 72.791521134607365, 21.16394362835533 ], [ 72.791521134607365, 21.163979164732282 ] ] ] } },
{ "type": "Feature", "properties": { "panel_id": "tile_22-P0126", "source_tile": "tile_22", "confidence": 0.32785645127296448, "class_id": 1, "x1_px": 685.416748046875, "y1_px": 379.7392578125, "x2_px": 703.384521484375, "y2_px": 395.6873779296875 }, "geometry": { "type": "Polygon", "coordinates": [ [ [ 72.79216829431094, 21.163127741056744 ], [ 72.792198448560342, 21.163127741056744 ], [ 72.792198448560342, 21.163082414820622 ], [ 72.79216829431094, 21.163082414820622 ], [ 72.79216829431094, 21.163127741056744 ] ] ] } },
{ "type": "Feature", "properties": { "panel_id": "tile_22-P0127", "source_tile": "tile_22", "confidence": 0.32581815123558044, "class_id": 1, "x1_px": 1467.3798828125, "y1_px": 315.60238647460938, "x2_px": 1482.8095703125, "y2_px": 324.76516723632812 }, "geometry": { "type": "Polygon", "coordinates": [ [ [ 72.793480616701473, 21.163310024796338 ], [ 72.793506511431644, 21.163310024796338 ], [ 72.793506511431644, 21.16328398320891 ], [ 72.793480616701473, 21.16328398320891 ], [ 72.793480616701473, 21.163310024796338 ] ] ] } },
{ "type": "Feature", "properties": { "panel_id": "tile_22-P0128", "source_tile": "tile_22", "confidence": 0.32450616359710693, "class_id": 1, "x1_px": 1553.1099853515625, "y1_px": 354.08828735351562, "x2_px": 1597.1448974609375, "y2_px": 379.63360595703125 }, "geometry": { "type": "Polygon", "coordinates": [ [ [ 72.793624492452253, 21.163200643814893 ], [ 72.793698393635779, 21.163200643814893 ], [ 72.793698393635779, 21.163128041330442 ], [ 72.793624492452253, 21.163128041330442 ], [ 72.793624492452253, 21.163200643814893 ] ] ] } },
{ "type": "Feature", "properties": { "panel_id": "tile_22-P0129", "source_tile": "tile_22", "confidence": 0.31458845734596252, "class_id": 1, "x1_px": 1283.8424072265625, "y1_px": 712.88201904296875, "x2_px": 1304.6348876953125, "y2_px": 728.23095703125 }, "geometry": { "type": "Polygon", "coordinates": [ [ [ 72.793172596632488, 21.162180914261672 ], [ 72.793207491420304, 21.162180914261672 ], [ 72.793207491420304, 21.162137290964232 ], [ 72.793172596632488, 21.162137290964232 ], [ 72.793172596632488, 21.162180914261672 ] ] ] } },
{ "type": "Feature", "properties": { "panel_id": "tile_22-P0130", "source_tile": "tile_22", "confidence": 0.31342718005180359, "class_id": 1, "x1_px": 1431.5159912109375, "y1_px": 730.2947998046875, "x2_px": 1448.27734375, "y2_px": 739.381103515625 }, "geometry": { "type": "Polygon", "coordinates": [ [ [ 72.793420428457466, 21.162131425305823 ], [ 72.793448558042158, 21.162131425305823 ], [ 72.793448558042158, 21.162105601074224 ], [ 72.793420428457466, 21.162105601074224 ], [ 72.793420428457466, 21.162131425305823 ] ] ] } },
{ "type": "Feature", "properties": { "panel_id": "tile_22-P0131", "source_tile": "tile_22", "confidence": 0.31290367245674133, "class_id": 1, "x1_px": 1488.739990234375, "y1_px": 351.33999633789062, "x2_px": 1500.13916015625, "y2_px": 359.88934326171875 }, "geometry": { "type": "Polygon", "coordinates": [ [ [ 72.793516464103973, 21.163208454747252 ], [ 72.793535594655339, 21.163208454747252 ], [ 72.793535594655339, 21.163184156603364 ], [ 72.793516464103973, 21.163184156603364 ], [ 72.793516464103973, 21.163208454747252 ] ] ] } },
{ "type": "Feature", "properties": { "panel_id": "tile_22-P0132", "source_tile": "tile_22", "confidence": 0.30895978212356567, "class_id": 1, "x1_px": 801.69085693359375, "y1_px": 296.69827270507812, "x2_px": 822.479248046875, "y2_px": 308.42120361328125 }, "geometry": { "type": "Polygon", "coordinates": [ [ [ 72.792363430257566, 21.163363752277576 ], [ 72.792398318182478, 21.163363752277576 ], [ 72.792398318182478, 21.163330434473941 ], [ 72.792363430257566, 21.163330434473941 ], [ 72.792363430257566, 21.163363752277576 ] ] ] } },
{ "type": "Feature", "properties": { "panel_id": "tile_22-P0133", "source_tile": "tile_22", "confidence": 0.30865219235420227, "class_id": 1, "x1_px": 61.777008056640625, "y1_px": 1.9963879585266113, "x2_px": 93.63128662109375, "y2_px": 17.045944213867188 }, "geometry": { "type": "Polygon", "coordinates": [ [ [ 72.791121676691745, 21.164201326055277 ], [ 72.791175135839794, 21.164201326055277 ], [ 72.791175135839794, 21.164158553632234 ], [ 72.791121676691745, 21.164158553632234 ], [ 72.791121676691745, 21.164201326055277 ] ] ] } },
{ "type": "Feature", "properties": { "panel_id": "tile_22-P0134", "source_tile": "tile_22", "confidence": 0.30650311708450317, "class_id": 1, "x1_px": 610.1468505859375, "y1_px": 312.4808349609375, "x2_px": 640.9324951171875, "y2_px": 319.97607421875 }, "geometry": { "type": "Polygon", "coordinates": [ [ [ 72.792041973302474, 21.163318896574324 ], [ 72.792093639025353, 21.163318896574324 ], [ 72.792093639025353, 21.163297594315381 ], [ 72.792041973302474, 21.163297594315381 ], [ 72.792041973302474, 21.163318896574324 ] ] ] } },
{ "type": "Feature", "properties": { "panel_id": "tile_22-P0135", "source_tile": "tile_22", "confidence": 0.29540225863456726, "class_id": 1, "x1_px": 420.6712646484375, "y1_px": 62.583950042724609, "x2_px": 437.82806396484375, "y2_px": 70.273193359375 }, "geometry": { "type": "Polygon", "coordinates": [ [ [ 72.791723987654777, 21.164029129826197 ], [ 72.79175278089437, 21.164029129826197 ], [ 72.79175278089437, 21.164007276187295 ], [ 72.791723987654777, 21.164007276187295 ], [ 72.791723987654777, 21.164029129826197 ] ] ] } },
{ "type": "Feature", "properties": { "panel_id": "tile_22-P0136", "source_tile": "tile_22", "confidence": 0.29507794976234436, "class_id": 1, "x1_px": 1521.3271484375, "y1_px": 680.29052734375, "x2_px": 1555.751953125, "y2_px": 692.05078125 }, "geometry": { "type": "Polygon", "coordinates": [ [ [ 72.793571153200489, 21.162273542711763 ], [ 72.793628926310205, 21.162273542711763 ], [ 72.793628926310205, 21.162240118832241 ], [ 72.793571153200489, 21.162240118832241 ], [ 72.793571153200489, 21.162273542711763 ] ] ] } },
{ "type": "Feature", "properties": { "panel_id": "tile_22-P0137", "source_tile": "tile_22", "confidence": 0.29220935702323914, "class_id": 1, "x1_px": 601.41583251953125, "y1_px": 263.90789794921875, "x2_px": 620.1192626953125, "y2_px": 280.35357666015625 }, "geometry": { "type": "Polygon", "coordinates": [ [ [ 72.792027320552251, 21.16345694597425 ], [ 72.792058709410753, 21.16345694597425 ], [ 72.792058709410753, 21.163410205624231 ], [ 72.792027320552251, 21.163410205624231 ], [ 72.792027320552251, 21.16345694597425 ] ] ] } },
{ "type": "Feature", "properties": { "panel_id": "tile_22-P0138", "source_tile": "tile_22", "confidence": 0.28333637118339539, "class_id": 1, "x1_px": 58.181167602539062, "y1_px": 31.99864387512207, "x2_px": 73.778106689453125, "y2_px": 41.797149658203125 }, "geometry": { "type": "Polygon", "coordinates": [ [ [ 72.791115642005792, 21.164116056485831 ], [ 72.791141817424403, 21.164116056485831 ], [ 72.791141817424403, 21.164088208100974 ], [ 72.791115642005792, 21.164088208100974 ], [ 72.791115642005792, 21.164116056485831 ] ] ] } },
{ "type": "Feature", "properties": { "panel_id": "tile_22-P0139", "source_tile": "tile_22", "confidence": 0.27119314670562744, "class_id": 1, "x1_px": 544.93255615234375, "y1_px": 225.25436401367188, "x2_px": 565.535888671875, "y2_px": 249.423828125 }, "geometry": { "type": "Polygon", "coordinates": [ [ [ 72.791932528016673, 21.163566803386487 ], [ 72.791967105368698, 21.163566803386487 ], [ 72.791967105368698, 21.16349811122533 ], [ 72.791932528016673, 21.16349811122533 ], [ 72.791932528016673, 21.163566803386487 ] ] ] } },
{ "type": "Feature", "properties": { "panel_id": "tile_22-P0140", "source_tile": "tile_22", "confidence": 0.27006989717483521, "class_id": 1, "x1_px": 1497.1197509765625, "y1_px": 302.84930419921875, "x2_px": 1618.853515625, "y2_px": 320.0 }, "geometry": { "type": "Polygon", "coordinates": [ [ [ 72.793530527359849, 21.163346270398595 ], [ 72.79373482592321, 21.163346270398595 ], [ 72.79373482592321, 21.163297526315791 ], [ 72.793530527359849, 21.163297526315791 ], [ 72.793530527359849, 21.163346270398595 ] ] ] } },
{ "type": "Feature", "properties": { "panel_id": "tile_22-P0141", "source_tile": "tile_22", "confidence": 0.26763203740119934, "class_id": 1, "x1_px": 720.0, "y1_px": 101.82481384277344, "x2_px": 728.63873291015625, "y2_px": 116.78034973144531 }, "geometry": { "type": "Polygon", "coordinates": [ [ [ 72.792226333333318, 21.163917603160659 ], [ 72.79224083120684, 21.163917603160659 ], [ 72.79224083120684, 21.163875097953397 ], [ 72.792226333333318, 21.163875097953397 ], [ 72.792226333333318, 21.163917603160659 ] ] ] } },
{ "type": "Feature", "properties": { "panel_id": "tile_22-P0142", "source_tile": "tile_22", "confidence": 0.26116058230400085, "class_id": 1, "x1_px": 1177.7694091796875, "y1_px": 820.4769287109375, "x2_px": 1192.5391845703125, "y2_px": 834.31732177734375 }, "geometry": { "type": "Polygon", "coordinates": [ [ [ 72.792994580605665, 21.161875118202616 ], [ 72.793019367844465, 21.161875118202616 ], [ 72.793019367844465, 21.161835782348636 ], [ 72.792994580605665, 21.161835782348636 ], [ 72.792994580605665, 21.161875118202616 ] ] ] } },
{ "type": "Feature", "properties": { "panel_id": "tile_22-P0143", "source_tile": "tile_22", "confidence": 0.25925856828689575, "class_id": 1, "x1_px": 1520.627685546875, "y1_px": 671.04046630859375, "x2_px": 1555.164306640625, "y2_px": 681.59808349609375 }, "geometry": { "type": "Polygon", "coordinates": [ [ [ 72.79356997933337, 21.162299832358915 ], [ 72.793627940097934, 21.162299832358915 ], [ 72.793627940097934, 21.162269826499539 ], [ 72.79356997933337, 21.162269826499539 ], [ 72.79356997933337, 21.162299832358915 ] ] ] } },
{ "type": "Feature", "properties": { "panel_id": "tile_22-P0144", "source_tile": "tile_22", "confidence": 0.25049465894699097, "class_id": 1, "x1_px": 1595.328369140625, "y1_px": 288.68008422851562, "x2_px": 1608.111572265625, "y2_px": 303.06350708007812 }, "geometry": { "type": "Polygon", "coordinates": [ [ [ 72.793695345063938, 21.163386540813246 ], [ 72.793716798356229, 21.163386540813246 ], [ 72.793716798356229, 21.163345661611459 ], [ 72.793695345063938, 21.163345661611459 ], [ 72.793695345063938, 21.163386540813246 ] ] ] } },
{ "type": "Feature", "properties": { "panel_id": "tile_22-P0145", "source_tile": "tile_22", "confidence": 0.25008091330528259, "class_id": 1, "x1_px": 1483.6929931640625, "y1_px": 314.40982055664062, "x2_px": 1495.8516845703125, "y2_px": 323.61367797851562 }, "geometry": { "type": "Polygon", "coordinates": [ [ [ 72.793507994027863, 21.16331341419421 ], [ 72.793528399239136, 21.16331341419421 ], [ 72.793528399239136, 21.163287255862588 ], [ 72.793507994027863, 21.163287255862588 ], [ 72.793507994027863, 21.16331341419421 ] ] ] } }
]
}
